id_restaurant,rest_name,rest_url,rest_phone,rest_address,rest_reviews_number,rest_rating
0,Ирландский паб Dublin,https://www.tripadvisor.ru/Restaurant_Review-g798123-d7124632-Reviews-Irish_Pub_Dublin-Lipetsk_Lipetsk_Oblast_Central_Russia.html,+7 930 014-22-82,"Коммунальная площадь, 9Б, Липецк 398059 Россия",125,"4,0"
0,Kафе-бар яхт-клуб Марбелья,https://www.tripadvisor.ru/Restaurant_Review-g798123-d7023422-Reviews-Cafe_Bar_Yacht_Club_Marbelya-Lipetsk_Lipetsk_Oblast_Central_Russia.html,+7 474 279-02-20,"ул. Карла Маркса, 31, Липецк 398059 Россия",125,"4,0"
0,Корчма Гоголь,https://www.tripadvisor.ru/Restaurant_Review-g798123-d6189288-Reviews-Korchma_Gogol-Lipetsk_Lipetsk_Oblast_Central_Russia.html,+7 474 255-00-04,"Космонавтов, 24, Липецк 398016 Россия",88,"4,0"
0,ПолМедведя,https://www.tripadvisor.ru/Restaurant_Review-g798123-d4888199-Reviews-PolMedvedya-Lipetsk_Lipetsk_Oblast_Central_Russia.html,+7 474 246-70-80,"ул. Катукова, 18A, Липецк 398036 Россия",81,"4,5"
0,Merzen,https://www.tripadvisor.ru/Restaurant_Review-g798123-d5566770-Reviews-Merzen-Lipetsk_Lipetsk_Oblast_Central_Russia.html,+7 474 223-47-74,"ул. Скороходова, д. 1б, Липецк 398059 Россия",107,"4,0"
0,Шокунин,https://www.tripadvisor.ru/Restaurant_Review-g798123-d10847653-Reviews-Shokunin-Lipetsk_Lipetsk_Oblast_Central_Russia.html,+7 474 290-51-05,"ул. Плеханова, дом 59, Липецк 398050 Россия",31,"4,5"
0,Малика,https://www.tripadvisor.ru/Restaurant_Review-g798123-d6189302-Reviews-Malika-Lipetsk_Lipetsk_Oblast_Central_Russia.html,+7 474 232-56-40,"Московская, 79г, Липецк 398045 Россия",57,"4,5"
0,Иль Песто,https://www.tripadvisor.ru/Restaurant_Review-g798123-d7605840-Reviews-Il_Pesto-Lipetsk_Lipetsk_Oblast_Central_Russia.html,+7 474 230-00-00,"Театральная пл., 3 Mercure Lipetsk Center, Липецк 398019 Россия",77,"4,0"
0,Гастробар «Фабрика»,https://www.tripadvisor.ru/Restaurant_Review-g798123-d19091163-Reviews-Fabrika-Lipetsk_Lipetsk_Oblast_Central_Russia.html,+7 474 290-48-50,"Фрунзе, 1, Липецк 398001 Россия",23,"4,5"
0,Фёст,https://www.tripadvisor.ru/Restaurant_Review-g798123-d6189386-Reviews-Fyost-Lipetsk_Lipetsk_Oblast_Central_Russia.html,+7 474 223-55-55,"Первомайская, 32а, Липецк 398001 Россия",113,"4,0"
0,Антонио,https://www.tripadvisor.ru/Restaurant_Review-g798123-d6189220-Reviews-Antonio-Lipetsk_Lipetsk_Oblast_Central_Russia.html,+7 474 255-05-52,"Неделина, 15в, Липецк 398059 Россия",70,"4,0"
0,Фёст Кафе,https://www.tripadvisor.ru/Restaurant_Review-g798123-d6990301-Reviews-First_Coffee-Lipetsk_Lipetsk_Oblast_Central_Russia.html,+7 474 227-73-69,"ул. Плеханова, д.35, Липецк 398050 Россия",53,"4,0"
0,Giusto,https://www.tripadvisor.ru/Restaurant_Review-g798123-d6189209-Reviews-Giusto-Lipetsk_Lipetsk_Oblast_Central_Russia.html,+7 474 227-57-73,"Ленина, 5, Липецк 398050 Россия",54,"4,0"
0,Амстердам,https://www.tripadvisor.ru/Restaurant_Review-g798123-d2658937-Reviews-Amsterdam-Lipetsk_Lipetsk_Oblast_Central_Russia.html,+7 474 227-26-65,"ул. Пролетарская, д. 13, Липецк 398050 Россия",104,"4,0"
0,GM cafe,https://www.tripadvisor.ru/Restaurant_Review-g798123-d6189207-Reviews-GM_cafe-Lipetsk_Lipetsk_Oblast_Central_Russia.html,+7 930 014-23-23,"Первомайская, 35, Липецк 398059 Россия",87,"4,0"
0,Трибуна,https://www.tripadvisor.ru/Restaurant_Review-g798123-d6189368-Reviews-Tribuna-Lipetsk_Lipetsk_Oblast_Central_Russia.html,+7 474 271-17-08,"Скороходова, 1а, Липецк 398001 Россия",72,"4,0"
0,Шоколад,https://www.tripadvisor.ru/Restaurant_Review-g798123-d6189400-Reviews-Shokolad-Lipetsk_Lipetsk_Oblast_Central_Russia.html,+7 474 247-00-57,"Плеханова площадь, 1, Липецк 398050 Россия",60,"4,0"
0,Шульц,https://www.tripadvisor.ru/Restaurant_Review-g798123-d6755124-Reviews-Schultz-Lipetsk_Lipetsk_Oblast_Central_Russia.html,+7 474 255-29-05,"ул.Неделина, д.15В, Липецк 398059 Россия",45,"4,5"
0,Пицца на Первомайской,https://www.tripadvisor.ru/Restaurant_Review-g798123-d6189332-Reviews-Pizza_Na_Pervomaiskoi-Lipetsk_Lipetsk_Oblast_Central_Russia.html,+7 474 222-17-85,"Первомайская, 78, Липецк 398001 Россия",59,"4,0"
0,Де'Бассус,https://www.tripadvisor.ru/Restaurant_Review-g798123-d8345966-Reviews-De_Bassus-Lipetsk_Lipetsk_Oblast_Central_Russia.html,+7 474 238-80-35,"Катукова, 23, Липецк 398036 Россия",42,"3,5"
0,De'Bassus,https://www.tripadvisor.ru/Restaurant_Review-g798123-d6189186-Reviews-De_Bassus-Lipetsk_Lipetsk_Oblast_Central_Russia.html,+7 474 225-01-66,"Победы площадь, 8, Липецк 398001 Россия",96,"3,5"
0,Хмель Хаус,https://www.tripadvisor.ru/Restaurant_Review-g798123-d13314943-Reviews-Khmel_Khaus-Lipetsk_Lipetsk_Oblast_Central_Russia.html,+7 980 263-55-43,"ул. Максима Горького д. 7а, Липецк 398001 Россия",27,"4,0"
0,Буфет,https://www.tripadvisor.ru/Restaurant_Review-g798123-d6189239-Reviews-Buffet-Lipetsk_Lipetsk_Oblast_Central_Russia.html,+7 474 227-11-23,"Плеханова, 61, Липецк 398050 Россия",42,"3,5"
0,Ресторан Библиотека №1,https://www.tripadvisor.ru/Restaurant_Review-g798123-d10024443-Reviews-Restaurant_Biblioteka_1-Lipetsk_Lipetsk_Oblast_Central_Russia.html,+7 474 228-08-88,"ул. Кузнечная, д Б, Липецк 398050 Россия",64,"3,5"
0,Штольня,https://www.tripadvisor.ru/Restaurant_Review-g798123-d14787058-Reviews-Shtolnya-Lipetsk_Lipetsk_Oblast_Central_Russia.html,+7 474 257-98-10,"ул.Петра Смородина 9А, Липецк 398046 Россия",12,"4,0"
0,Рыбы Бы,https://www.tripadvisor.ru/Restaurant_Review-g798123-d17815949-Reviews-Ryby_By-Lipetsk_Lipetsk_Oblast_Central_Russia.html,+7 910 739-01-12,"Фрунзе, 1, Липецк 398001 Россия",49,"3,5"
0,"O,Bistro!",https://www.tripadvisor.ru/Restaurant_Review-g798123-d8596971-Reviews-O_Bistro-Lipetsk_Lipetsk_Oblast_Central_Russia.html,+7 474 250-60-06,"Кузнечный переулок, дом 20, Липецк 398002 Россия",35,"3,5"
0,Дружба Bar&Kitchen,https://www.tripadvisor.ru/Restaurant_Review-g798123-d22885221-Reviews-Druzhba_Bar_Kitchen-Lipetsk_Lipetsk_Oblast_Central_Russia.html,+7 910 356-59-21,"Октябрьская улица, 53, Липецк 398059 Россия",12,"4,0"
0,Бройбауер,https://www.tripadvisor.ru/Restaurant_Review-g798123-d15700521-Reviews-Braubauer-Lipetsk_Lipetsk_Oblast_Central_Russia.html,+7 474 237-01-11,"Бехтеева, 1, Липецк 398070 Россия",6,"4,5"
0,Кинза,https://www.tripadvisor.ru/Restaurant_Review-g798123-d13140650-Reviews-Kinza-Lipetsk_Lipetsk_Oblast_Central_Russia.html,+7 474 224-31-43,"ул. Фрунзе, д. 43, Липецк 398059 Россия",13,"4,0"
0,Халиф,https://www.tripadvisor.ru/Restaurant_Review-g798123-d17811677-Reviews-Khalif-Lipetsk_Lipetsk_Oblast_Central_Russia.html,+7 474 223-55-00,"Советская, 64, Липецк 398001 Россия",29,"4,0"
0,ОПЕНХАУС,https://www.tripadvisor.ru/Restaurant_Review-g798123-d13074562-Reviews-OPENHOUSE-Lipetsk_Lipetsk_Oblast_Central_Russia.html,+7 474 223-30-00,"ул. 50 лет НЛМК, д.6 Б, Липецк 398059 Россия",26,"3,5"
0,BUCHO Wine Bar,https://www.tripadvisor.ru/Restaurant_Review-g798123-d19126534-Reviews-BUCHO_Wine_Bar-Lipetsk_Lipetsk_Oblast_Central_Russia.html,+7 474 224-21-02,"Зегеля, 2, Липецк 398050 Россия",10,"4,0"
0,Корчма Гоголь на Первомайской,https://www.tripadvisor.ru/Restaurant_Review-g798123-d7023833-Reviews-Korchma_Gogol_na_Pervomaiskoi-Lipetsk_Lipetsk_Oblast_Central_Russia.html,+7 474 255-05-30,"ул. Первомайская, 78, Липецк 398001 Россия",18,"4,0"
0,Вобла,https://www.tripadvisor.ru/Restaurant_Review-g798123-d8351230-Reviews-Vobla-Lipetsk_Lipetsk_Oblast_Central_Russia.html,+7 474 290-04-10,"ул.Меркулова 10А, Липецк 398046 Россия",17,"4,0"
0,Маренго,https://www.tripadvisor.ru/Restaurant_Review-g798123-d6189303-Reviews-Marengo-Lipetsk_Lipetsk_Oblast_Central_Russia.html,+7 474 246-07-53,"Водопьянова, 17, Липецк 398046 Россия",25,"4,0"
0,кафе Jazz,https://www.tripadvisor.ru/Restaurant_Review-g798123-d7011533-Reviews-Cafe_Jazz-Lipetsk_Lipetsk_Oblast_Central_Russia.html,+7 474 227-37-67,"ул. Интернациональная, 6, Липецк 398050 Россия",55,"3,5"
0,Золотая Арба,https://www.tripadvisor.ru/Restaurant_Review-g798123-d6189264-Reviews-Zolotaya_Arba-Lipetsk_Lipetsk_Oblast_Central_Russia.html,+7 474 227-72-63,"Ленина, 11, Липецк 398050 Россия",22,"4,0"
0,Дом 27,https://www.tripadvisor.ru/Restaurant_Review-g798123-d15606622-Reviews-Dom_27-Lipetsk_Lipetsk_Oblast_Central_Russia.html,+7 474 290-51-10,"Карла Маркса, 27, Липецк 398059 Россия",4,"5,0"
0,Карлсон Кафе на Высоте,https://www.tripadvisor.ru/Restaurant_Review-g798123-d6189203-Reviews-Karlson_Kafe_Na_Vysote-Lipetsk_Lipetsk_Oblast_Central_Russia.html,+7 474 290-09-78,"Ленина, 11 8th Floor, Липецк 398050 Россия",26,"4,0"
0,Тайга Ресторан-Пивоварня,https://www.tripadvisor.ru/Restaurant_Review-g798123-d13324334-Reviews-Taiga_Restaurant-Lipetsk_Lipetsk_Oblast_Central_Russia.html,+7 474 256-67-77,"Минская, 49 а, Липецк 398902 Россия",36,"3,5"
0,Автосуши,https://www.tripadvisor.ru/Restaurant_Review-g798123-d7277074-Reviews-Autosushi-Lipetsk_Lipetsk_Oblast_Central_Russia.html,+7 474 255-55-00,"ул. Интернациональная, д. 41, Липецк 398050 Россия",11,"4,0"
0,Braubauer,https://www.tripadvisor.ru/Restaurant_Review-g798123-d12639584-Reviews-Braubauer-Lipetsk_Lipetsk_Oblast_Central_Russia.html,+7 474 250-66-05,"ул. Советская, 30, Липецк 398001 Россия",24,"3,5"
0,Хуторок,https://www.tripadvisor.ru/Restaurant_Review-g798123-d6189390-Reviews-Khutorok-Lipetsk_Lipetsk_Oblast_Central_Russia.html,+7 474 234-55-95,"Гагарина, 101, Липецк 398016 Россия",25,"3,5"
0,МагеллаН,https://www.tripadvisor.ru/Restaurant_Review-g798123-d6189295-Reviews-MagellaN-Lipetsk_Lipetsk_Oblast_Central_Russia.html,+7 474 249-60-12,"Московская, 75А, Липецк 398070 Россия",6,"5,0"
0,Дольче,https://www.tripadvisor.ru/Restaurant_Review-g798123-d8515382-Reviews-Dolche-Lipetsk_Lipetsk_Oblast_Central_Russia.html,+7 474 237-89-30,"ул. Ворошилова, д. 3 вход с улицы Первомайская, Липецк 398001 Россия",4,"5,0"
0,Mr. Money,https://www.tripadvisor.ru/Restaurant_Review-g798123-d11807640-Reviews-Mr_Stefan_Braun-Lipetsk_Lipetsk_Oblast_Central_Russia.html,+7 920 541-42-42,"ул. Космонавтов, 54Б, Липецк 398032 Россия",24,"4,0"
0,Форвард,https://www.tripadvisor.ru/Restaurant_Review-g798123-d6189379-Reviews-Forward-Lipetsk_Lipetsk_Oblast_Central_Russia.html,+7 474 277-03-71,"Советская, 25, Липецк 398001 Россия",11,"4,0"
0,Баскин Роббинс,https://www.tripadvisor.ru/Restaurant_Review-g798123-d6189234-Reviews-Baskin_Robbins-Lipetsk_Lipetsk_Oblast_Central_Russia.html,+7 474 272-00-62,"Зегеля, 23а, Липецк 398050 Россия",14,"4,0"
0,Пицца Итальяна,https://www.tripadvisor.ru/Restaurant_Review-g798123-d6189333-Reviews-Pizza_Italyana-Lipetsk_Lipetsk_Oblast_Central_Russia.html,+7 474 235-36-34,"Космонавтов, 5/5, Липецк 398002 Россия",13,"4,0"
0,Бискафе,https://www.tripadvisor.ru/Restaurant_Review-g798123-d17847751-Reviews-Biscafe-Lipetsk_Lipetsk_Oblast_Central_Russia.html,+7 474 250-71-52,"ул. Студёновская, 123, Липецк 398007 Россия",5,"4,0"
0,Ресторан Роял,https://www.tripadvisor.ru/Restaurant_Review-g798123-d8703047-Reviews-Royal_Restaurant_Lipetsk-Lipetsk_Lipetsk_Oblast_Central_Russia.html,+7 474 276-55-55,"Ул. Подгоренская, 14, Липецк 398532 Россия",12,"4,0"
0,Rob Roy Bar,https://www.tripadvisor.ru/Restaurant_Review-g798123-d7625030-Reviews-Rob_Roy_Bar-Lipetsk_Lipetsk_Oblast_Central_Russia.html,+7 474 271-13-55,"ул. Ворошилова, 1, Липецк 398001 Россия",31,"3,5"
0,Час-Пик,https://www.tripadvisor.ru/Restaurant_Review-g798123-d6189389-Reviews-Chas_Pik-Lipetsk_Lipetsk_Oblast_Central_Russia.html,+7 474 222-29-54,"Фрунзе, 5, Липецк 398059 Россия",29,"3,5"
0,Сыр,https://www.tripadvisor.ru/Restaurant_Review-g798123-d6189355-Reviews-Syr-Lipetsk_Lipetsk_Oblast_Central_Russia.html,+7 474 241-19-75,"60 лет СССР проспект, 37, Липецк 398036 Россия",12,"4,0"
0,Ресторан Калипсо,https://www.tripadvisor.ru/Restaurant_Review-g798123-d6189272-Reviews-Kalipso-Lipetsk_Lipetsk_Oblast_Central_Russia.html,+7 905 043-25-60,"Советская, 7, Липецк 398001 Россия",18,"3,5"
0,Фауст,https://www.tripadvisor.ru/Restaurant_Review-g798123-d6189384-Reviews-Faust-Lipetsk_Lipetsk_Oblast_Central_Russia.html,+7 474 223-53-70,"Карла Маркса, 5, Липецк 398001 Россия",30,"3,5"
0,Ной,https://www.tripadvisor.ru/Restaurant_Review-g798123-d7213342-Reviews-Noah-Lipetsk_Lipetsk_Oblast_Central_Russia.html,+7 474 225-01-64,"Неделина, 14Д, Липецк 398036 Россия",7,"4,0"
0,Сладкая Фея,https://www.tripadvisor.ru/Restaurant_Review-g798123-d6189356-Reviews-Sladkaya_Feya-Lipetsk_Lipetsk_Oblast_Central_Russia.html,+7 903 866-72-84,"Кривенкова, 23, Липецк 398036 Россия",8,"4,5"
0,Траттория,https://www.tripadvisor.ru/Restaurant_Review-g798123-d6189373-Reviews-Trattoria-Lipetsk_Lipetsk_Oblast_Central_Russia.html,+7 474 227-44-60,"Плеханова, 37/6, Липецк 398050 Россия",14,"3,5"
0,Дорадо,https://www.tripadvisor.ru/Restaurant_Review-g798123-d14184083-Reviews-Dorado-Lipetsk_Lipetsk_Oblast_Central_Russia.html,+7 474 223-28-23,"ул.М.Горького 7 Здание Хмель Хаус, Липецк 398001 Россия",7,"4,0"
0,Ташир,https://www.tripadvisor.ru/Restaurant_Review-g798123-d7213345-Reviews-Tashir-Lipetsk_Lipetsk_Oblast_Central_Russia.html,+7 474 222-27-52,"Советская, 4, Липецк 398001 Россия",13,"3,5"
0,Петергофъ,https://www.tripadvisor.ru/Restaurant_Review-g798123-d6189325-Reviews-Petergof-Lipetsk_Lipetsk_Oblast_Central_Russia.html,+7 474 223-35-37,"Фрунзе, 7а, Липецк 398059 Россия",21,"4,0"
0,Лобби Бар,https://www.tripadvisor.ru/Restaurant_Review-g798123-d8347650-Reviews-Lobbi_Bar-Lipetsk_Lipetsk_Oblast_Central_Russia.html,,"Театральная площадь, 3, Липецк 398001 Россия",3,"5,0"
0,Суши WOK,https://www.tripadvisor.ru/Restaurant_Review-g798123-d7834389-Reviews-Sushi_WOK-Lipetsk_Lipetsk_Oblast_Central_Russia.html,+7 474 255-12-45,"ул. Желябова, 16, Липецк 398050 Россия",12,"4,0"
0,Томато,https://www.tripadvisor.ru/Restaurant_Review-g798123-d16696691-Reviews-Tomato-Lipetsk_Lipetsk_Oblast_Central_Russia.html,+7 474 256-30-41,"Космонавтов,  104, Липецк 398002 Россия",4,"4,0"
0,Борода Бар,https://www.tripadvisor.ru/Restaurant_Review-g798123-d12877536-Reviews-Boroda_Bar-Lipetsk_Lipetsk_Oblast_Central_Russia.html,+7 474 271-56-12,"ул. Космонавтов, 8, Липецк 398016 Россия",18,"3,5"
0,Кафе Хаус,https://www.tripadvisor.ru/Restaurant_Review-g798123-d6189276-Reviews-Cafe_House-Lipetsk_Lipetsk_Oblast_Central_Russia.html,+7 474 271-70-19,"Первомайская, 121, Липецк 398059 Россия",4,"4,5"
0,"Ресторан китайской кухни ""Хуан Хэ""",https://www.tripadvisor.ru/Restaurant_Review-g798123-d11671934-Reviews-Restaurant_of_Chinese_Cuisine_Khuan_Khe-Lipetsk_Lipetsk_Oblast_Central_Russia.html,+7 474 255-00-53,"пр. Победы, 8, Липецк 398001 Россия",2,"5,0"
0,Ботаник,https://www.tripadvisor.ru/Restaurant_Review-g798123-d17338298-Reviews-Botanik-Lipetsk_Lipetsk_Oblast_Central_Russia.html,+7 474 224-35-43,"Первомайская, 80, Липецк 398059 Россия",2,"4,5"
0,Лоренцо,https://www.tripadvisor.ru/Restaurant_Review-g798123-d6189421-Reviews-Lorentso-Lipetsk_Lipetsk_Oblast_Central_Russia.html,+7 474 272-25-43,"Плеханова, 59, Липецк 398050 Россия",5,"4,0"
0,Фарфор,https://www.tripadvisor.ru/Restaurant_Review-g798123-d8519289-Reviews-Farfor-Lipetsk_Lipetsk_Oblast_Central_Russia.html,+7 474 237-04-37,"8 Марта, 9, Липецк 398001 Россия",10,"3,5"
0,Creme,https://www.tripadvisor.ru/Restaurant_Review-g798123-d8507867-Reviews-Creme-Lipetsk_Lipetsk_Oblast_Central_Russia.html,+7 474 223-33-33,"ул. Советская, д. 66б, Липецк 398001 Россия",25,"3,5"
0,Макдоналдс,https://www.tripadvisor.ru/Restaurant_Review-g798123-d6189307-Reviews-McDonald_s-Lipetsk_Lipetsk_Oblast_Central_Russia.html,+7 474 245-16-55,"60 лет СССР проспект, 22, Липецк 398046 Россия",16,"3,5"
0,Час-Пик-Молл,https://www.tripadvisor.ru/Restaurant_Review-g798123-d6189387-Reviews-Chas_Pik_Moll-Lipetsk_Lipetsk_Oblast_Central_Russia.html,+7 474 251-76-40,"Терешковой, 35Б, Липецк 398002 Россия",6,"4,0"
0,"Кафе ""Шафран""",https://www.tripadvisor.ru/Restaurant_Review-g798123-d12094204-Reviews-Shafran_Cafe-Lipetsk_Lipetsk_Oblast_Central_Russia.html,+7 474 278-17-66,"пр. Победы, 70Б, Липецк 398001 Россия",6,"4,0"
0,Евразия,https://www.tripadvisor.ru/Restaurant_Review-g798123-d2710570-Reviews-Eurasia-Lipetsk_Lipetsk_Oblast_Central_Russia.html,+7 474 227-15-33,"ул. Ленина, 11 398050, Липецк Россия",35,"3,5"
0,Kuznechnaya Hall,https://www.tripadvisor.ru/Restaurant_Review-g798123-d7776912-Reviews-Kuznechnaya_Hall-Lipetsk_Lipetsk_Oblast_Central_Russia.html,+7 952 598-74-26,"ул. Кузнечная, 4Б, Липецк 398050 Россия",4,"4,5"
0,Magic Box,https://www.tripadvisor.ru/Restaurant_Review-g798123-d8756785-Reviews-Magic_Box-Lipetsk_Lipetsk_Oblast_Central_Russia.html,+7 930 014-25-82,"ул. Папина, 3б, Липецк 398058 Россия",2,"5,0"
0,Solovey,https://www.tripadvisor.ru/Restaurant_Review-g798123-d21290992-Reviews-Solovey-Lipetsk_Lipetsk_Oblast_Central_Russia.html,+7 474 255-33-88,"Московская 75А, Липецк 398042 Россия",1,"5,0"
0,Dream Bar,https://www.tripadvisor.ru/Restaurant_Review-g798123-d23460468-Reviews-Dream_Bar-Lipetsk_Lipetsk_Oblast_Central_Russia.html,+7 969 972-57-85,"Ленина,  11, Липецк 398050 Россия",1,"5,0"
0,Манты Карла,https://www.tripadvisor.ru/Restaurant_Review-g798123-d23416503-Reviews-Manty_Karla-Lipetsk_Lipetsk_Oblast_Central_Russia.html,+7 905 685-14-14,"Неделина, 14Г, Липецк 398059 Россия",1,"5,0"
0,Карусель,https://www.tripadvisor.ru/Restaurant_Review-g798123-d6189267-Reviews-Karusel-Lipetsk_Lipetsk_Oblast_Central_Russia.html,+7 474 227-33-08,"Гагарина, 35Б, Липецк 398002 Россия",4,"4,0"
0,Coffee On Your Way,https://www.tripadvisor.ru/Restaurant_Review-g798123-d6189198-Reviews-Coffee_on_Your_Way-Lipetsk_Lipetsk_Oblast_Central_Russia.html,,"60 лет СССР проспект, 34, Липецк 398046 Россия",1,"5,0"
0,Лето Клаб,https://www.tripadvisor.ru/Restaurant_Review-g798123-d9566238-Reviews-Leto_Club-Lipetsk_Lipetsk_Oblast_Central_Russia.html,+7 474 272-28-88,"ул. Кузнечная, 4Б, Липецк 398050 Россия",7,"3,5"
0,Шашлычный двор,https://www.tripadvisor.ru/Restaurant_Review-g798123-d6189394-Reviews-Shashlychny_Dvor-Lipetsk_Lipetsk_Oblast_Central_Russia.html,+7 474 241-37-74,"60 лет СССР проспект, 37, Липецк 398036 Россия",4,"4,0"
0,Коммерсант,https://www.tripadvisor.ru/Restaurant_Review-g798123-d6189775-Reviews-Kommersant-Lipetsk_Lipetsk_Oblast_Central_Russia.html,+7 474 251-57-12,"Плеханова площадь, 3, Липецк 398050 Россия",2,"5,0"
0,Компот,https://www.tripadvisor.ru/Restaurant_Review-g798123-d6189280-Reviews-Kompot-Lipetsk_Lipetsk_Oblast_Central_Russia.html,+7 474 225-08-83,"Советская, 66 лит Б5, Липецк 398001 Россия",3,"4,5"
0,Saxar,https://www.tripadvisor.ru/Restaurant_Review-g798123-d16695807-Reviews-Saxar-Lipetsk_Lipetsk_Oblast_Central_Russia.html,+7 474 239-60-12,"ул. Московская, 75А, Липецк 398055 Россия",1,"5,0"
0,Тарантино,https://www.tripadvisor.ru/Restaurant_Review-g798123-d19436272-Reviews-Tarantino-Lipetsk_Lipetsk_Oblast_Central_Russia.html,90-49-02,"Бехтеева, 10, Липецк 398070 Россия",1,"5,0"
0,BRICS,https://www.tripadvisor.ru/Restaurant_Review-g798123-d13173840-Reviews-BRICS-Lipetsk_Lipetsk_Oblast_Central_Russia.html,+7 474 227-74-44,"ул. Ленина, 11, Липецк 398050 Россия",3,"4,0"
0,На Дворянской,https://www.tripadvisor.ru/Restaurant_Review-g798123-d6189323-Reviews-Na_Dvoryanskoi-Lipetsk_Lipetsk_Oblast_Central_Russia.html,+7 474 227-71-41,"Ленина, 36, Липецк 398020 Россия",7,"3,5"
0,Старая мельница,https://www.tripadvisor.ru/Restaurant_Review-g798123-d6189358-Reviews-Staraya_Melnitsa-Lipetsk_Lipetsk_Oblast_Central_Russia.html,+7 474 246-50-76,"Победы проспект, 93Б, Липецк 398046 Россия",3,"4,0"
0,Компот,https://www.tripadvisor.ru/Restaurant_Review-g798123-d6189279-Reviews-Kompot-Lipetsk_Lipetsk_Oblast_Central_Russia.html,,"Интернациональная, 21, Липецк 398050 Россия",7,"3,5"
0,Кафе Челси,https://www.tripadvisor.ru/Restaurant_Review-g798123-d10478019-Reviews-Cafe_Chelsi-Lipetsk_Lipetsk_Oblast_Central_Russia.html,,"ул. Петра Смородина, 13 A, Липецк 398046 Россия",11,"3,5"
0,Токио,https://www.tripadvisor.ru/Restaurant_Review-g798123-d6189380-Reviews-Tokyo-Lipetsk_Lipetsk_Oblast_Central_Russia.html,+7 474 278-90-16,"Петра Смородина, 13а, Липецк 398046 Россия",5,"4,0"
0,RusBurger,https://www.tripadvisor.ru/Restaurant_Review-g798123-d6189199-Reviews-RusBurger-Lipetsk_Lipetsk_Oblast_Central_Russia.html,+7 474 227-74-44,"Ленина, 11, Липецк 398050 Россия",11,"3,5"
0,СССР,https://www.tripadvisor.ru/Restaurant_Review-g798123-d8350979-Reviews-Ussr-Lipetsk_Lipetsk_Oblast_Central_Russia.html,,"Терешковой, 20, Липецк 398043 Россия",2,"4,5"
0,Пенный Дворик,https://www.tripadvisor.ru/Restaurant_Review-g798123-d8348625-Reviews-Penny_Dvorik-Lipetsk_Lipetsk_Oblast_Central_Russia.html,+7 474 234-46-02,"Терешковой, 3/1, Липецк 398016 Россия",2,"4,5"
0,KFC,https://www.tripadvisor.ru/Restaurant_Review-g798123-d14653350-Reviews-KFC-Lipetsk_Lipetsk_Oblast_Central_Russia.html,+7 474 237-03-23,"ул.Космонавтов 98 ТЦ Ноябрьский, Липецк 398002 Россия",1,"5,0"
0,Токио,https://www.tripadvisor.ru/Restaurant_Review-g798123-d6189367-Reviews-Tokyo-Lipetsk_Lipetsk_Oblast_Central_Russia.html,+7 915 551-99-89,"Советская, 66, Липецк 398001 Россия",2,"4,5"
0,Трактир на Базарной,https://www.tripadvisor.ru/Restaurant_Review-g798123-d6189371-Reviews-Traktir_Na_Bazarnoi-Lipetsk_Lipetsk_Oblast_Central_Russia.html,+7 474 222-29-52,"Ворошилова, 1, Липецк 398001 Россия",3,"4,0"
0,Гурманофф,https://www.tripadvisor.ru/Restaurant_Review-g798123-d6189576-Reviews-Gurmanoff-Lipetsk_Lipetsk_Oblast_Central_Russia.html,+7 474 274-44-36,"Первомайская, 59, Липецк 398059 Россия",3,"4,0"
0,Пивная таверна,https://www.tripadvisor.ru/Restaurant_Review-g798123-d6744695-Reviews-Pivnaya_Taverna-Lipetsk_Lipetsk_Oblast_Central_Russia.html,,"Ворошилова, 3, Липецк 398001 Россия",2,"4,5"
0,Cafe Fresh Club,https://www.tripadvisor.ru/Restaurant_Review-g798123-d12875018-Reviews-Cafe_Fresh_Club-Lipetsk_Lipetsk_Oblast_Central_Russia.html,+7 474 237-03-50,"ул. Гагарина, 45A, Липецк 398002 Россия",2,"4,0"
0,Пивной трактир,https://www.tripadvisor.ru/Restaurant_Review-g798123-d6744764-Reviews-Pivnoi_Traktir-Lipetsk_Lipetsk_Oblast_Central_Russia.html,+7 920 249-34-94,"Максима Горького, 26, Липецк 398001 Россия",2,"4,5"
0,Классик,https://www.tripadvisor.ru/Restaurant_Review-g798123-d6189273-Reviews-Klassik-Lipetsk_Lipetsk_Oblast_Central_Russia.html,+7 474 227-74-35,"Ленина, 23, Липецк 398050 Россия",1,"5,0"
0,Гамбринус,https://www.tripadvisor.ru/Restaurant_Review-g798123-d8346579-Reviews-Gambrinus-Lipetsk_Lipetsk_Oblast_Central_Russia.html,,"Победы проспект, 8, Липецк 398024 Россия",1,"5,0"
0,Гриль-Хаус,https://www.tripadvisor.ru/Restaurant_Review-g798123-d6189244-Reviews-Grill_House-Lipetsk_Lipetsk_Oblast_Central_Russia.html,+7 474 236-44-55,"Студёновская, 124а, Липецк 398007 Россия",2,"4,5"
0,Буфетъ,https://www.tripadvisor.ru/Restaurant_Review-g798123-d6189240-Reviews-Buffet-Lipetsk_Lipetsk_Oblast_Central_Russia.html,+7 474 222-21-00,"Петра Великого площадь, 1, Липецк 398001 Россия",7,"3,5"
0,Coffee BLACK PEP,https://www.tripadvisor.ru/Restaurant_Review-g798123-d19271677-Reviews-Coffee_BLACK_PEP-Lipetsk_Lipetsk_Oblast_Central_Russia.html,,"Льва Толстого,  1, Липецк 398001 Россия",1,"4,0"
0,Мерланг,https://www.tripadvisor.ru/Restaurant_Review-g798123-d6189310-Reviews-Merlang-Lipetsk_Lipetsk_Oblast_Central_Russia.html,+7 474 242-72-98,"Катукова, 27а, Липецк 398036 Россия",5,"3,5"
0,Аркадий пельмень-бар,https://www.tripadvisor.ru/Restaurant_Review-g798123-d16756397-Reviews-Arkadiy_Pelmen_Bar-Lipetsk_Lipetsk_Oblast_Central_Russia.html,+7 474 228-84-12,"Меркулова,  10А, Липецк 398036 Россия",3,"3,5"
0,Быханов,https://www.tripadvisor.ru/Restaurant_Review-g798123-d13464367-Reviews-Bykhanov-Lipetsk_Lipetsk_Oblast_Central_Russia.html,+7 474 271-44-11,"ул. Тельмана, 19, Липецк 398002 Россия",5,"3,5"
0,"Гастробар ""Щепка""",https://www.tripadvisor.ru/Restaurant_Review-g798123-d13239408-Reviews-Gastrobar_Shchepka-Lipetsk_Lipetsk_Oblast_Central_Russia.html,+7 991 344-44-13,"Ул. Стаханова, Д.2, Липецк 398000 Россия",8,"3,5"
0,Траян,https://www.tripadvisor.ru/Restaurant_Review-g798123-d6189375-Reviews-Trayan-Lipetsk_Lipetsk_Oblast_Central_Russia.html,+7 474 277-93-61,"Петра Великого площадь, 1, Липецк 398001 Россия",2,"4,0"
0,Овертайм,https://www.tripadvisor.ru/Restaurant_Review-g798123-d8348481-Reviews-Overtaim-Lipetsk_Lipetsk_Oblast_Central_Russia.html,+7 474 255-33-55,"Карла Маркса, 27, Липецк 398059 Россия",2,"4,0"
0,Де Бассус,https://www.tripadvisor.ru/Restaurant_Review-g798123-d12881671-Reviews-De_Bassus_Fisch-Lipetsk_Lipetsk_Oblast_Central_Russia.html,+7 905 043-90-40,"ул. Плеханова, 37/6, Липецк 398050 Россия",10,"3,0"
0,Кружка,https://www.tripadvisor.ru/Restaurant_Review-g798123-d6744372-Reviews-Kruzhka-Lipetsk_Lipetsk_Oblast_Central_Russia.html,+7 474 234-60-74,"Терешковой, 13а, Липецк 398002 Россия",2,"4,0"
0,Шашлычная №1,https://www.tripadvisor.ru/Restaurant_Review-g798123-d8349576-Reviews-Shashlychnaya_No_1-Lipetsk_Lipetsk_Oblast_Central_Russia.html,+7 474 271-11-23,"Максима Горького, 11а, Липецк 398001 Россия",1,"5,0"
0,Три богатыря,https://www.tripadvisor.ru/Restaurant_Review-g798123-d6745093-Reviews-Tri_Bogatyrya-Lipetsk_Lipetsk_Oblast_Central_Russia.html,+7 474 227-07-58,"Ленина, 33, Липецк 398020 Россия",2,"4,0"
0,Бирвиль,https://www.tripadvisor.ru/Restaurant_Review-g798123-d8344726-Reviews-Beerville-Lipetsk_Lipetsk_Oblast_Central_Russia.html,,"Желябова, 31, Липецк 398050 Россия",1,"5,0"
0,Бавария,https://www.tripadvisor.ru/Restaurant_Review-g798123-d8344677-Reviews-Bavaria-Lipetsk_Lipetsk_Oblast_Central_Russia.html,,"Мира проспект, 16, Липецк 398005 Россия",1,"5,0"
0,Мангал,https://www.tripadvisor.ru/Restaurant_Review-g798123-d6189296-Reviews-Mangal-Lipetsk_Lipetsk_Oblast_Central_Russia.html,+7 474 235-26-32,"Газина, 12а, Липецк 398026 Россия",1,"5,0"
0,Пивбург,https://www.tripadvisor.ru/Restaurant_Review-g798123-d6744672-Reviews-Pivburg-Lipetsk_Lipetsk_Oblast_Central_Russia.html,+7 474 235-20-05,"Ушинского, 8, Липецк 398007 Россия",2,"4,0"
0,Кафе Онегин,https://www.tripadvisor.ru/Restaurant_Review-g798123-d7295633-Reviews-Cafe_Onegin-Lipetsk_Lipetsk_Oblast_Central_Russia.html,+7 474 232-03-30,"ул. Космонавтов, 110, Липецк 398042 Россия",1,"5,0"
0,Coffee On Your Way,https://www.tripadvisor.ru/Restaurant_Review-g798123-d6189192-Reviews-Coffee_on_Your_Way-Lipetsk_Lipetsk_Oblast_Central_Russia.html,,"Белана, 26, Липецк 398036 Россия",1,"4,0"
0,Rioba,https://www.tripadvisor.ru/Restaurant_Review-g798123-d14075085-Reviews-Rioba-Lipetsk_Lipetsk_Oblast_Central_Russia.html,+7 920 514-46-47,"ул. 50 Лет НЛМК , 8, Липецк 398059 Россия",1,"4,0"
0,Кафе 82,https://www.tripadvisor.ru/Restaurant_Review-g798123-d6189187-Reviews-Cafe_82-Lipetsk_Lipetsk_Oblast_Central_Russia.html,+7 474 271-51-57,"Петра Великого площадь, 1, Липецк 398001 Россия",1,"5,0"
0,Belov,https://www.tripadvisor.ru/Restaurant_Review-g798123-d6189182-Reviews-Belov-Lipetsk_Lipetsk_Oblast_Central_Russia.html,+7 474 250-58-88,"Октябрьская, 28, Липецк 398059 Россия",15,"3,5"
0,Ташир,https://www.tripadvisor.ru/Restaurant_Review-g798123-d6189366-Reviews-Tashir-Lipetsk_Lipetsk_Oblast_Central_Russia.html,+7 474 251-79-60,"Советская, 66, Липецк 398001 Россия",5,"3,5"
0,Карусель,https://www.tripadvisor.ru/Restaurant_Review-g798123-d6189275-Reviews-Karusel-Lipetsk_Lipetsk_Oblast_Central_Russia.html,+7 474 227-00-93,"Гагарина, 6, Липецк 398020 Россия",7,"3,5"
0,Бургер Кинг,https://www.tripadvisor.ru/Restaurant_Review-g798123-d16813208-Reviews-Burger_King-Lipetsk_Lipetsk_Oblast_Central_Russia.html,,"50 Лет НЛМК, 4а, Липецк 398059 Россия",1,"4,0"
0,Славянский,https://www.tripadvisor.ru/Restaurant_Review-g798123-d6189349-Reviews-Slavyanskiy-Lipetsk_Lipetsk_Oblast_Central_Russia.html,+7 474 251-91-75,"Воронежское шоссе, 30, Липецк 398533 Россия",3,"3,5"
0,Место встречи,https://www.tripadvisor.ru/Restaurant_Review-g798123-d7184596-Reviews-Mesto_Vstrechi-Lipetsk_Lipetsk_Oblast_Central_Russia.html,+7 474 290-00-37,"ул.Титова, 10 ТРЦ Москва, 3 эт., Липецк 398032 Россия",5,"3,5"
0,Дежавю,https://www.tripadvisor.ru/Restaurant_Review-g798123-d4773189-Reviews-Deja_Vu-Lipetsk_Lipetsk_Oblast_Central_Russia.html,+7 474 234-01-42,"ул. Терешковой, д. 26, Липецк 398043 Россия",14,"3,0"
0,Пиратская бухта,https://www.tripadvisor.ru/Restaurant_Review-g798123-d15832052-Reviews-Piratskaya_Bukhta-Lipetsk_Lipetsk_Oblast_Central_Russia.html,+7 474 220-30-32,"ул. Советская, 64 помещение №1, Липецк 398001 Россия",4,"3,5"
0,7 Пятниц,https://www.tripadvisor.ru/Restaurant_Review-g798123-d10821539-Reviews-7_Pyatnits-Lipetsk_Lipetsk_Oblast_Central_Russia.html,+7 474 224-03-63,"пр. 60-летия СССР, 34a, Липецк 398035 Россия",3,"3,5"
0,Место встречи,https://www.tripadvisor.ru/Restaurant_Review-g798123-d8471607-Reviews-Mesto_Vstrechi-Lipetsk_Lipetsk_Oblast_Central_Russia.html,+7 474 251-90-84,"ул. Водопьянова, 17A, Липецк Россия",3,"3,5"
0,Жигули,https://www.tripadvisor.ru/Restaurant_Review-g798123-d6744192-Reviews-Zhiguli-Lipetsk_Lipetsk_Oblast_Central_Russia.html,,"Неделина, 22, Липецк 398059 Россия",1,"4,0"
0,Очагъ,https://www.tripadvisor.ru/Restaurant_Review-g798123-d6189340-Reviews-Ochag-Lipetsk_Lipetsk_Oblast_Central_Russia.html,+7 474 237-70-40,"Гагарина, 107а, Липецк 398043 Россия",2,"3,5"
0,Яки-Тори,https://www.tripadvisor.ru/Restaurant_Review-g798123-d6189395-Reviews-Yaki_Tori-Lipetsk_Lipetsk_Oblast_Central_Russia.html,+7 474 239-94-42,"Советская, 66, Липецк 398001 Россия",1,"4,0"
0,Шоколад,https://www.tripadvisor.ru/Restaurant_Review-g798123-d7277477-Reviews-Shokolad-Lipetsk_Lipetsk_Oblast_Central_Russia.html,+7 474 240-66-77,"ул. Папина, д. 6, Липецк 398024 Россия",1,"4,0"
0,Бир Холл,https://www.tripadvisor.ru/Restaurant_Review-g798123-d8344697-Reviews-Beer_Hall-Lipetsk_Lipetsk_Oblast_Central_Russia.html,,"Терешковой, 35Б, Липецк 398002 Россия",1,"4,0"
0,Траттория,https://www.tripadvisor.ru/Restaurant_Review-g798123-d6189369-Reviews-Trattoria-Lipetsk_Lipetsk_Oblast_Central_Russia.html,+7 474 232-78-25,"Космонавтов, 98, Липецк 398042 Россия",5,"3,0"
0,Толстой Рестобар,https://www.tripadvisor.ru/Restaurant_Review-g798123-d21200689-Reviews-TOLSTOY_Restobar-Lipetsk_Lipetsk_Oblast_Central_Russia.html,+7 991 555-55-50,"Льва Толстого,  1a, Липецк 398001 Россия",9,"3,0"
0,Башня,https://www.tripadvisor.ru/Restaurant_Review-g798123-d7213340-Reviews-Bashnya-Lipetsk_Lipetsk_Oblast_Central_Russia.html,+7 474 234-71-47,"Балмочных, 11, Липецк 398002 Россия",1,"4,0"
0,Янтарный Двор,https://www.tripadvisor.ru/Restaurant_Review-g798123-d8376970-Reviews-Yantarny_Dvor-Lipetsk_Lipetsk_Oblast_Central_Russia.html,,"ул. Тельмана, 90, Липецк 398002 Россия",1,"4,0"
0,Феста,https://www.tripadvisor.ru/Restaurant_Review-g798123-d8346450-Reviews-Festa-Lipetsk_Lipetsk_Oblast_Central_Russia.html,+7 474 272-72-00,"9 Мая, 22, Липецк 398017 Россия",2,"3,5"
0,Охота,https://www.tripadvisor.ru/Restaurant_Review-g798123-d6185062-Reviews-Okhota-Lipetsk_Lipetsk_Oblast_Central_Russia.html,+7 920 508-35-56,"Петра Великого площадь, 1, Липецк 398001 Россия",4,"3,5"
0,Истоки,https://www.tripadvisor.ru/Restaurant_Review-g798123-d6189269-Reviews-Istoki-Lipetsk_Lipetsk_Oblast_Central_Russia.html,+7 474 277-12-03,"Театральная площадь, 1, Липецк 398019 Россия",2,"3,5"
0,Глория,https://www.tripadvisor.ru/Restaurant_Review-g798123-d6189242-Reviews-Gloria-Lipetsk_Lipetsk_Oblast_Central_Russia.html,+7 474 278-11-78,"Краснозаводская, 2ж, Липецк 398006 Россия",1,"4,0"
0,Гараж,https://www.tripadvisor.ru/Restaurant_Review-g798123-d10085252-Reviews-Garazh-Lipetsk_Lipetsk_Oblast_Central_Russia.html,+7 474 220-34-44,"ул. Крайняя, 7, Липецк 398001 Россия",5,"3,5"
0,Кино,https://www.tripadvisor.ru/Restaurant_Review-g798123-d6744295-Reviews-Kino-Lipetsk_Lipetsk_Oblast_Central_Russia.html,+7 474 271-20-70,"Кузнечный пер, 20, Липецк 398050 Россия",1,"4,0"
0,Трактиръ,https://www.tripadvisor.ru/Restaurant_Review-g798123-d6189376-Reviews-Traktir-Lipetsk_Lipetsk_Oblast_Central_Russia.html,+7 474 248-17-85,"Ушинского, 8, Липецк 398007 Россия",2,"3,5"
0,Страйк,https://www.tripadvisor.ru/Restaurant_Review-g798123-d6189363-Reviews-Straik-Lipetsk_Lipetsk_Oblast_Central_Russia.html,+7 474 227-88-08,"Липовская, 5, Липецк 398002 Россия",2,"3,5"
0,Papa Grill,https://www.tripadvisor.ru/Restaurant_Review-g798123-d16814250-Reviews-Papa_Grill-Lipetsk_Lipetsk_Oblast_Central_Russia.html,+7 920 544-33-38,"Катукова, 51 ТРЦ Ривьера, 3 этаж, Липецк 398004 Россия",3,"3,0"
0,Chelsea,https://www.tripadvisor.ru/Restaurant_Review-g798123-d6189188-Reviews-Chelsea-Lipetsk_Lipetsk_Oblast_Central_Russia.html,+7 474 251-79-67,"Советская, 66, Липецк 398001 Россия",32,"3,0"
0,Бургер Кинг,https://www.tripadvisor.ru/Restaurant_Review-g798123-d8345203-Reviews-Burger_King-Lipetsk_Lipetsk_Oblast_Central_Russia.html,,"Советская, 66, Липецк 398001 Россия",5,"3,0"
0,Губернская,https://www.tripadvisor.ru/Restaurant_Review-g798123-d6189795-Reviews-Gubernskaya-Lipetsk_Lipetsk_Oblast_Central_Russia.html,+7 474 277-07-39,"Кузнечная, 8, Липецк 398050 Россия",1,"3,0"
0,Вобла,https://www.tripadvisor.ru/Restaurant_Review-g798123-d15038575-Reviews-Vobla-Lipetsk_Lipetsk_Oblast_Central_Russia.html,900-945,"Свиридова, 2, Липецк 398027 Россия",1,"3,0"
0,Ясуми,https://www.tripadvisor.ru/Restaurant_Review-g798123-d6539338-Reviews-Yasumi-Lipetsk_Lipetsk_Oblast_Central_Russia.html,+7 474 235-70-70,"ул. Космонавтов, д. 22, Липецк 398016 Россия",2,"3,0"
0,Хмель да Солод,https://www.tripadvisor.ru/Restaurant_Review-g798123-d6745213-Reviews-Khmel_Da_Solod-Lipetsk_Lipetsk_Oblast_Central_Russia.html,+7 920 502-77-78,"Гагарина, 15, Липецк 398020 Россия",3,"3,0"
0,Узбечка,https://www.tripadvisor.ru/Restaurant_Review-g798123-d6189385-Reviews-Uzbechka-Lipetsk_Lipetsk_Oblast_Central_Russia.html,+7 474 232-78-25,"Космонавтов, 98а, Липецк 398042 Россия",1,"3,0"
0,Спар,https://www.tripadvisor.ru/Restaurant_Review-g798123-d6189352-Reviews-Spar-Lipetsk_Lipetsk_Oblast_Central_Russia.html,,"Космонавтов, 14, Липецк 398016 Россия",1,"3,0"
0,Садко,https://www.tripadvisor.ru/Restaurant_Review-g798123-d6189345-Reviews-Sadko-Lipetsk_Lipetsk_Oblast_Central_Russia.html,+7 474 278-10-03,"Петра Смородина, 13а, Липецк 398046 Россия",1,"3,0"
0,Никольское,https://www.tripadvisor.ru/Restaurant_Review-g798123-d6189314-Reviews-Nikolskoye-Lipetsk_Lipetsk_Oblast_Central_Russia.html,+7 474 274-66-28,"Барашева, 1, Липецк 398059 Россия",1,"3,0"
0,Звездный,https://www.tripadvisor.ru/Restaurant_Review-g798123-d6189257-Reviews-Zvezdny-Lipetsk_Lipetsk_Oblast_Central_Russia.html,+7 474 236-60-57,"Терешковой, 13, Липецк 398002 Россия",1,"3,0"
0,Аленушка,https://www.tripadvisor.ru/Restaurant_Review-g798123-d6189229-Reviews-Alenushka-Lipetsk_Lipetsk_Oblast_Central_Russia.html,+7 474 248-11-08,"Ушинского, 9, Липецк 398007 Россия",2,"3,0"
0,Апельсин,https://www.tripadvisor.ru/Restaurant_Review-g798123-d6189223-Reviews-Apelsin-Lipetsk_Lipetsk_Oblast_Central_Russia.html,,"Победы площадь, 1, Липецк 398001 Россия",1,"3,0"
0,Аниме,https://www.tripadvisor.ru/Restaurant_Review-g798123-d6189221-Reviews-Anime-Lipetsk_Lipetsk_Oblast_Central_Russia.html,+7 474 239-03-37,"Советская, 66, Липецк 398001 Россия",1,"3,0"
0,Sushi Ostrov,https://www.tripadvisor.ru/Restaurant_Review-g798123-d6189210-Reviews-Sushi_Ostrov-Lipetsk_Lipetsk_Oblast_Central_Russia.html,+7 920 528-52-81,"Титова, 10, Липецк 398032 Россия",1,"3,0"
0,Пит-Стоп,https://www.tripadvisor.ru/Restaurant_Review-g798123-d8562167-Reviews-Pit_Stop-Lipetsk_Lipetsk_Oblast_Central_Russia.html,,"ул. Московская, д. 85, Липецк 398055 Россия",1,"3,0"
0,Коктейль Холл,https://www.tripadvisor.ru/Restaurant_Review-g798123-d6743154-Reviews-Cocktail_Hall-Lipetsk_Lipetsk_Oblast_Central_Russia.html,+7 474 239-74-29,"Студёновская, 124а, Липецк 398007 Россия",1,"3,0"
0,Vaclav Bar,https://www.tripadvisor.ru/Restaurant_Review-g798123-d13378650-Reviews-Vaclav_Bar-Lipetsk_Lipetsk_Oblast_Central_Russia.html,+7 474 237-00-95,"ул. Стаханова, 61, Липецк 398004 Россия",2,"3,0"
0,Ной,https://www.tripadvisor.ru/Restaurant_Review-g798123-d8348296-Reviews-Noah-Lipetsk_Lipetsk_Oblast_Central_Russia.html,+7 474 239-36-39,"Победы проспект, 1, Липецк 398024 Россия",7,"3,0"
0,Брюссель Гастрономический Паб,https://www.tripadvisor.ru/Restaurant_Review-g798123-d12690994-Reviews-Bryussel_Gastronomic_Pub-Lipetsk_Lipetsk_Oblast_Central_Russia.html,+7 920 503-39-96,"ул. Терешковой, 18A, Липецк Россия",11,"3,0"
0,People By Coffeeway,https://www.tripadvisor.ru/Restaurant_Review-g798123-d23155474-Reviews-People_By_Coffeeway-Lipetsk_Lipetsk_Oblast_Central_Russia.html,+7 952 597-48-44,Липецк Россия,2,"3,0"
0,White Tiger,https://www.tripadvisor.ru/Restaurant_Review-g798123-d13094264-Reviews-White_Tiger-Lipetsk_Lipetsk_Oblast_Central_Russia.html,+7 474 271-41-14,"ул. Советская, д. 66б, Липецк 398001 Россия",2,"3,0"
0,Бухарест,https://www.tripadvisor.ru/Restaurant_Review-g798123-d6743920-Reviews-Bukharest-Lipetsk_Lipetsk_Oblast_Central_Russia.html,+7 474 271-97-72,"Ленина, 17, Липецк 398050 Россия",3,"2,5"
0,Анкона,https://www.tripadvisor.ru/Restaurant_Review-g798123-d6189226-Reviews-Ankona-Lipetsk_Lipetsk_Oblast_Central_Russia.html,+7 474 234-41-62,"Терешковой, 13Б, Липецк 398002 Россия",4,"3,0"
0,Масленица,https://www.tripadvisor.ru/Restaurant_Review-g798123-d6189312-Reviews-Maslenitsa-Lipetsk_Lipetsk_Oblast_Central_Russia.html,+7 952 592-46-81,"Советская, 66, Липецк 398001 Россия",3,"2,5"
0,Час-Пик,https://www.tripadvisor.ru/Restaurant_Review-g798123-d6189388-Reviews-Chas_Pik-Lipetsk_Lipetsk_Oblast_Central_Russia.html,+7 474 232-40-72,"Московская, 103, Липецк 398055 Россия",3,"2,5"
0,ShishaGrill,https://www.tripadvisor.ru/Restaurant_Review-g798123-d14139850-Reviews-ShishaGrill-Lipetsk_Lipetsk_Oblast_Central_Russia.html,+7 474 271-86-47,"ул.Первомайская 82, Липецк 398001 Россия",6,"2,5"
0,RusBurger,https://www.tripadvisor.ru/Restaurant_Review-g798123-d6189208-Reviews-RusBurger-Lipetsk_Lipetsk_Oblast_Central_Russia.html,+7 915 553-30-30,"Советская, 66, Липецк 398001 Россия",4,"3,0"
0,Поляна,https://www.tripadvisor.ru/Restaurant_Review-g798123-d6189346-Reviews-Polyana-Lipetsk_Lipetsk_Oblast_Central_Russia.html,+7 474 237-80-18,"60 лет СССР проспект, ст28а, Липецк 398046 Россия",2,"2,5"
0,Center,https://www.tripadvisor.ru/Restaurant_Review-g798123-d6189191-Reviews-Center-Lipetsk_Lipetsk_Oblast_Central_Russia.html,+7 903 643-93-36,"Петра Великого площадь, 6, Липецк 398059 Россия",1,"2,0"
0,ТОМАТО,https://www.tripadvisor.ru/Restaurant_Review-g798123-d17725177-Reviews-Tomato-Lipetsk_Lipetsk_Oblast_Central_Russia.html,+7 474 255-98-72,"Петра Смородина, 13а, Липецк 398046 Россия",3,"2,5"
0,Генацвале,https://www.tripadvisor.ru/Restaurant_Review-g798123-d10483586-Reviews-Genatsvale-Lipetsk_Lipetsk_Oblast_Central_Russia.html,+7 474 290-03-06,"ул. Зегеля, 23, Липецк 398050 Россия",29,"3,0"
0,Шелковый путь,https://www.tripadvisor.ru/Restaurant_Review-g798123-d6189398-Reviews-Shelkovy_Put-Lipetsk_Lipetsk_Oblast_Central_Russia.html,+7 474 246-43-75,"60 лет СССР проспект, 34, Липецк 398046 Россия",2,"2,5"
0,Маска,https://www.tripadvisor.ru/Restaurant_Review-g798123-d6189316-Reviews-Maska-Lipetsk_Lipetsk_Oblast_Central_Russia.html,+7 474 225-00-55,"Советская, 4, Липецк 398001 Россия",20,"3,0"
0,Моrе суши,https://www.tripadvisor.ru/Restaurant_Review-g798123-d6189318-Reviews-More_Sushi-Lipetsk_Lipetsk_Oblast_Central_Russia.html,+7 474 237-58-89,"Фрунзе, 8, Липецк 398059 Россия",4,"2,5"
0,Русский аппетит,https://www.tripadvisor.ru/Restaurant_Review-g798123-d6189338-Reviews-Russkiy_Appetite-Lipetsk_Lipetsk_Oblast_Central_Russia.html,,"Победы проспект, 53, Липецк 398024 Россия",2,"2,5"
0,Сударь,https://www.tripadvisor.ru/Restaurant_Review-g798123-d7213341-Reviews-Sudar-Lipetsk_Lipetsk_Oblast_Central_Russia.html,+7 474 222-78-29,"Советская, 7, Липецк 398001 Россия",7,"2,5"
0,Таверна у Портоса,https://www.tripadvisor.ru/Restaurant_Review-g798123-d6189362-Reviews-Taverna_u_Portosa-Lipetsk_Lipetsk_Oblast_Central_Russia.html,+7 474 242-65-65,"ул. Бунина, 15, Липецк 398004 Россия",1,"1,0"
0,Пивной причал,https://www.tripadvisor.ru/Restaurant_Review-g798123-d6744753-Reviews-Pivnoi_Prichal-Lipetsk_Lipetsk_Oblast_Central_Russia.html,,"Московская, 85, Липецк 398055 Россия",1,"1,0"
0,Томато,https://www.tripadvisor.ru/Restaurant_Review-g798123-d16884485-Reviews-Tomato-Lipetsk_Lipetsk_Oblast_Central_Russia.html,+7 474 256-30-24,"Хорошавина, 1, Липецк 398004 Россия",2,"2,5"
0,Yes! Pizza,https://www.tripadvisor.ru/Restaurant_Review-g798123-d6189206-Reviews-Yes_Pizza-Lipetsk_Lipetsk_Oblast_Central_Russia.html,+7 800 500-00-44,"Советская, 66, Липецк 398001 Россия",1,"1,0"
0,Арагви,https://www.tripadvisor.ru/Restaurant_Review-g798123-d6189224-Reviews-Aragvi-Lipetsk_Lipetsk_Oblast_Central_Russia.html,+7 474 235-54-90,"Космонавтов, 26, Липецк 398016 Россия",2,"1,5"
0,Burger King,https://www.tripadvisor.ru/Restaurant_Review-g798123-d15105361-Reviews-Burger_King-Lipetsk_Lipetsk_Oblast_Central_Russia.html,+7 495 544-50-00,"Катукова, 51 ТЦ Ривьера, 3 этаж, Липецк 398036 Россия",3,"2,5"
0,KFC,https://www.tripadvisor.ru/Restaurant_Review-g798123-d8347104-Reviews-Kfc-Lipetsk_Lipetsk_Oblast_Central_Russia.html,+7 474 221-02-03,"Советская, 66, Липецк 398001 Россия",9,"3,0"
0,Гауди,https://www.tripadvisor.ru/Restaurant_Review-g798123-d8525924-Reviews-Gaudi-Lipetsk_Lipetsk_Oblast_Central_Russia.html,+7 474 223-55-00,"ул. Советская, д. 64, Липецк 398001 Россия",3,"2,0"
0,Teатро,https://www.tripadvisor.ru/Restaurant_Review-g798123-d6925615-Reviews-Teatro-Lipetsk_Lipetsk_Oblast_Central_Russia.html,+7 474 271-32-32,"Театральная площадь, 2, Липецк 398019 Россия",16,"3,0"
0,Штирлих,https://www.tripadvisor.ru/Restaurant_Review-g798123-d8349738-Reviews-Shtirlikh-Lipetsk_Lipetsk_Oblast_Central_Russia.html,+7 950 802-22-22,"Адмирала Макарова, 2, Липецк 398005 Россия",1,"1,0"
0,ЛОНДОН,https://www.tripadvisor.ru/Restaurant_Review-g798123-d16852836-Reviews-London-Lipetsk_Lipetsk_Oblast_Central_Russia.html,+7 474 228-97-07,"Ворошилова, 3, Липецк 398001 Россия",2,"1,5"
0,Terkin GastroPub,https://www.tripadvisor.ru/Restaurant_Review-g798123-d13413663-Reviews-Terkin_GastroPub-Lipetsk_Lipetsk_Oblast_Central_Russia.html,+7 474 223-23-20,"Первомайская улица, 82, Липецк 398001 Россия",6,"2,5"
0,Автосуши,https://www.tripadvisor.ru/Restaurant_Review-g798123-d6189214-Reviews-Autosushi-Lipetsk_Lipetsk_Oblast_Central_Russia.html,+7 474 237-90-15,"Меркулова, 10а, Липецк 398046 Россия",9,"2,5"
0,Стаханов бар,https://www.tripadvisor.ru/Restaurant_Review-g798123-d10841404-Reviews-Stakhanov_Bar-Lipetsk_Lipetsk_Oblast_Central_Russia.html,+7 474 251-57-17,"ул. Шуминского, 1A, Липецк Россия",27,"2,0"
0,Томато,https://www.tripadvisor.ru/Restaurant_Review-g798123-d15069371-Reviews-Tomato-Lipetsk_Lipetsk_Oblast_Central_Russia.html,+7 474 256-24-09,"площадь Победы, 3a, Липецк 398059 Россия",18,"2,0"
0,Топ Бирс,https://www.tripadvisor.ru/Restaurant_Review-g798123-d8350710-Reviews-Top_Beers-Lipetsk_Lipetsk_Oblast_Central_Russia.html,+7 474 246-33-25,"Петра Смородина, 11, Липецк 398046 Россия",,"-1,0"
0,Сокол,https://www.tripadvisor.ru/Restaurant_Review-g798123-d7277519-Reviews-Sokol-Lipetsk_Lipetsk_Oblast_Central_Russia.html,+7 474 235-26-54,"ул. Баумана, д. 1б, Липецк 398026 Россия",,"-1,0"
0,Таверна,https://www.tripadvisor.ru/Restaurant_Review-g798123-d8350545-Reviews-Taverna-Lipetsk_Lipetsk_Oblast_Central_Russia.html,+7 904 684-73-81,"Московская, 47а, Липецк 398042 Россия",,"-1,0"
0,W.JUNI,https://www.tripadvisor.ru/Restaurant_Review-g798123-d21468456-Reviews-W_JUNI-Lipetsk_Lipetsk_Oblast_Central_Russia.html,+7 904 681-51-28,"ул. Космонавтов, 5/5, Липецк 398016 Россия",,"-1,0"
0,Точка,https://www.tripadvisor.ru/Restaurant_Review-g798123-d8350692-Reviews-Tochka-Lipetsk_Lipetsk_Oblast_Central_Russia.html,,"Парковая, 10, Липецк 398005 Россия",,"-1,0"
0,Аполлон,https://www.tripadvisor.ru/Restaurant_Review-g798123-d8344302-Reviews-Apollon-Lipetsk_Lipetsk_Oblast_Central_Russia.html,,"Агрономическая, 12а, Липецк 398037 Россия",,"-1,0"
0,Discount Beer,https://www.tripadvisor.ru/Restaurant_Review-g798123-d8515171-Reviews-Discount_Beer-Lipetsk_Lipetsk_Oblast_Central_Russia.html,+7 474 248-60-03,"ул. Зои Космодемьянской, д. 1, Липецк 398005 Россия",,"-1,0"
0,Анданте,https://www.tripadvisor.ru/Restaurant_Review-g798123-d12994736-Reviews-Andante-Lipetsk_Lipetsk_Oblast_Central_Russia.html,+7 962 350-51-50,"ул. Доватора 61а, Липецк 398024 Россия",,"-1,0"
0,Русь,https://www.tripadvisor.ru/Restaurant_Review-g798123-d7277463-Reviews-Rus-Lipetsk_Lipetsk_Oblast_Central_Russia.html,+7 474 241-39-91,"ул. Доватора, д. 12, Липецк 398024 Россия",,"-1,0"
0,Русич,https://www.tripadvisor.ru/Restaurant_Review-g798123-d7277451-Reviews-Rusich-Lipetsk_Lipetsk_Oblast_Central_Russia.html,+7 474 235-52-41,"ул. Терешковой, д. 28/5, Липецк 398043 Россия",,"-1,0"
0,Караоке-бар Винил,https://www.tripadvisor.ru/Restaurant_Review-g798123-d10477834-Reviews-Karaoke_Bar_Vinil-Lipetsk_Lipetsk_Oblast_Central_Russia.html,+7 920 533-79-79,"Ул. Александровская, 1 Д, Липецк Россия",,"-1,0"
0,Mybox,https://www.tripadvisor.ru/Restaurant_Review-g798123-d20089470-Reviews-Mybox-Lipetsk_Lipetsk_Oblast_Central_Russia.html,+7 800 100-00-55,"ул. Космодемьянской,  8, Липецк 398041 Россия",,"-1,0"
0,Гуд Фуд,https://www.tripadvisor.ru/Restaurant_Review-g798123-d4481094-Reviews-Good_Food-Lipetsk_Lipetsk_Oblast_Central_Russia.html,+7 474 255-80-88,"ул. Шерстобитова,  20, Липецк 398027 Россия",,"-1,0"
0,Кофе Брейк,https://www.tripadvisor.ru/Restaurant_Review-g798123-d8345825-Reviews-Coffee_Break-Lipetsk_Lipetsk_Oblast_Central_Russia.html,,"Советская, 66, Липецк 398001 Россия",,"-1,0"
0,Пражечка,https://www.tripadvisor.ru/Restaurant_Review-g798123-d8349014-Reviews-Prazhechka-Lipetsk_Lipetsk_Oblast_Central_Russia.html,+7 474 271-56-91,"Гагарина, 137, Липецк 398043 Россия",,"-1,0"
0,Прага,https://www.tripadvisor.ru/Restaurant_Review-g798123-d8349007-Reviews-Prague-Lipetsk_Lipetsk_Oblast_Central_Russia.html,+7 474 234-66-34,"Циолковского, 38а, Липецк 398043 Россия",,"-1,0"
0,Креветка,https://www.tripadvisor.ru/Restaurant_Review-g798123-d8347409-Reviews-Krevetka-Lipetsk_Lipetsk_Oblast_Central_Russia.html,,"Терешковой, 30, Липецк 398043 Россия",,"-1,0"
0,Лената,https://www.tripadvisor.ru/Restaurant_Review-g798123-d6185064-Reviews-Lenata-Lipetsk_Lipetsk_Oblast_Central_Russia.html,+7 903 866-29-25,"Энергостроителей, 7а, Липецк 398908 Россия",,"-1,0"
0,Моменто,https://www.tripadvisor.ru/Restaurant_Review-g798123-d6185063-Reviews-Momento-Lipetsk_Lipetsk_Oblast_Central_Russia.html,,"Зои Космодемьянской, 1а, Липецк 398005 Россия",,"-1,0"
0,Алмаз,https://www.tripadvisor.ru/Restaurant_Review-g798123-d6185061-Reviews-Almaz-Lipetsk_Lipetsk_Oblast_Central_Russia.html,+7 474 271-12-71,"Шубина бульвар, 2а, Липецк 398036 Россия",,"-1,0"
0,Али Баба,https://www.tripadvisor.ru/Restaurant_Review-g798123-d8344202-Reviews-Ali_Baba-Lipetsk_Lipetsk_Oblast_Central_Russia.html,+7 474 271-17-56,"Бехтеева, 10, Липецк 398055 Россия",,"-1,0"
0,Алекста,https://www.tripadvisor.ru/Restaurant_Review-g798123-d8344195-Reviews-Aleksta-Lipetsk_Lipetsk_Oblast_Central_Russia.html,,"Шерстобитова, 20, Липецк 398027 Россия",,"-1,0"
0,Тайм Бар,https://www.tripadvisor.ru/Restaurant_Review-g798123-d8350679-Reviews-Time_Bar-Lipetsk_Lipetsk_Oblast_Central_Russia.html,,"Есенина бульвар, 5, Липецк 398036 Россия",,"-1,0"
0,Олюра,https://www.tripadvisor.ru/Restaurant_Review-g798123-d6189588-Reviews-Olyura-Lipetsk_Lipetsk_Oblast_Central_Russia.html,+7 474 231-92-00,"Московская, 149Б, Липецк 398055 Россия",,"-1,0"
0,Таверна,https://www.tripadvisor.ru/Restaurant_Review-g798123-d8350544-Reviews-Taverna-Lipetsk_Lipetsk_Oblast_Central_Russia.html,+7 904 684-73-81,"Вермишева, 2, Липецк 398035 Россия",,"-1,0"
0,Вдали От Жен,https://www.tripadvisor.ru/Restaurant_Review-g798123-d8351067-Reviews-Vdali_Ot_Zhen-Lipetsk_Lipetsk_Oblast_Central_Russia.html,,"Студёновская, 19, Липецк 398020 Россия",,"-1,0"
0,Веста,https://www.tripadvisor.ru/Restaurant_Review-g798123-d6743934-Reviews-Vesta-Lipetsk_Lipetsk_Oblast_Central_Russia.html,+7 474 243-14-24,"Крупской, 3а, Липецк 398005 Россия",,"-1,0"
0,Вайцен,https://www.tripadvisor.ru/Restaurant_Review-g798123-d6743931-Reviews-Vaitsen-Lipetsk_Lipetsk_Oblast_Central_Russia.html,,"60 лет СССР проспект, 20/1, Липецк 398046 Россия",,"-1,0"
0,Бухарест,https://www.tripadvisor.ru/Restaurant_Review-g798123-d6743919-Reviews-Bukharest-Lipetsk_Lipetsk_Oblast_Central_Russia.html,+7 909 224-95-32,"Стаханова, 49а, Липецк Россия",,"-1,0"
0,5 Оборотов,https://www.tripadvisor.ru/Restaurant_Review-g798123-d8344095-Reviews-5_Oborotov-Lipetsk_Lipetsk_Oblast_Central_Russia.html,+7 474 271-34-99,"Суворова, 20, Липецк 398017 Россия",,"-1,0"
0,Арго,https://www.tripadvisor.ru/Restaurant_Review-g798123-d7277284-Reviews-Argo-Lipetsk_Lipetsk_Oblast_Central_Russia.html,+7 474 248-11-37,"Заводская площадь, д. 3, Липецк 398007 Россия",,"-1,0"
0,Тайм Аут,https://www.tripadvisor.ru/Restaurant_Review-g798123-d6745045-Reviews-Taim_Aut-Lipetsk_Lipetsk_Oblast_Central_Russia.html,+7 474 235-32-24,"Космонавтов, 12, Липецк 398016 Россия",,"-1,0"
0,Чарка,https://www.tripadvisor.ru/Restaurant_Review-g798123-d8345648-Reviews-Charka-Lipetsk_Lipetsk_Oblast_Central_Russia.html,,"Мира проспект, 20, Липецк 398005 Россия",,"-1,0"
0,Farfor,https://www.tripadvisor.ru/Restaurant_Review-g798123-d21373963-Reviews-Farfor-Lipetsk_Lipetsk_Oblast_Central_Russia.html,+7 474 237-04-37,"Коммунальная, 8а, Липецк 398059 Россия",,"-1,0"
0,Пивсоюз,https://www.tripadvisor.ru/Restaurant_Review-g798123-d8348823-Reviews-Pivsoyuz-Lipetsk_Lipetsk_Oblast_Central_Russia.html,,"Хорошавина, 2, Липецк 398004 Россия",,"-1,0"
0,Лас-Вегас,https://www.tripadvisor.ru/Restaurant_Review-g798123-d7213347-Reviews-Las_Vegas-Lipetsk_Lipetsk_Oblast_Central_Russia.html,+7 915 855-01-86,"Шерстобитова, 8, Липецк 398036 Россия",,"-1,0"
0,Нива,https://www.tripadvisor.ru/Restaurant_Review-g798123-d7213346-Reviews-Niva-Lipetsk_Lipetsk_Oblast_Central_Russia.html,+7 474 243-02-42,"Полины Осипенко, 8, Липецк 398017 Россия",,"-1,0"
0,У Василича,https://www.tripadvisor.ru/Restaurant_Review-g798123-d7213344-Reviews-U_Vasilicha-Lipetsk_Lipetsk_Oblast_Central_Russia.html,,"Шуминского, 6, Липецк 398036 Россия",,"-1,0"
0,Робинзон,https://www.tripadvisor.ru/Restaurant_Review-g798123-d7213343-Reviews-Robinzon-Lipetsk_Lipetsk_Oblast_Central_Russia.html,+7 474 223-24-94,"8 Марта, 9, Липецк 398001 Россия",,"-1,0"
0,Дикая утка,https://www.tripadvisor.ru/Restaurant_Review-g798123-d7213339-Reviews-Dikaya_Utka-Lipetsk_Lipetsk_Oblast_Central_Russia.html,+7 474 271-64-30,"Коммунистическая, 4, Липецк 398006 Россия",,"-1,0"
0,Пивной Дворъ,https://www.tripadvisor.ru/Restaurant_Review-g798123-d8348804-Reviews-Pivnoi_Dvor-Lipetsk_Lipetsk_Oblast_Central_Russia.html,,"Ульяны Громовой, 2, Липецк 398024 Россия",,"-1,0"
0,"Пивной Бар на ул. Ушинского, 9",https://www.tripadvisor.ru/Restaurant_Review-g798123-d8348798-Reviews-Pivnoi_Bar-Lipetsk_Lipetsk_Oblast_Central_Russia.html,,"Ушинского, 9, Липецк 398007 Россия",,"-1,0"
0,Хмельнофф,https://www.tripadvisor.ru/Restaurant_Review-g798123-d8347199-Reviews-Khmelnoff-Lipetsk_Lipetsk_Oblast_Central_Russia.html,,"Меркулова, 16а/1, Липецк 398036 Россия",,"-1,0"
0,Пивной Арсенал,https://www.tripadvisor.ru/Restaurant_Review-g798123-d8348789-Reviews-Pivnoi_Arsenal-Lipetsk_Lipetsk_Oblast_Central_Russia.html,+7 904 288-49-90,"Мира проспект, 14, Липецк 398005 Россия",,"-1,0"
0,Пивной Арсенал,https://www.tripadvisor.ru/Restaurant_Review-g798123-d8348786-Reviews-Pivnoi_Arsenal-Lipetsk_Lipetsk_Oblast_Central_Russia.html,+7 904 288-49-90,"Металлургов площадь, 7а, Липецк 398005 Россия",,"-1,0"
0,Пивная Лавка,https://www.tripadvisor.ru/Restaurant_Review-g798123-d8348777-Reviews-Pivnaya_Lavka-Lipetsk_Lipetsk_Oblast_Central_Russia.html,,"Студёновская, 195, Липецк 398007 Россия",,"-1,0"
0,Суши Wok,https://www.tripadvisor.ru/Restaurant_Review-g798123-d23202436-Reviews-Sushi_Wok-Lipetsk_Lipetsk_Oblast_Central_Russia.html,+7 474 237-06-06,"Зегеля, д. 28, Липецк 398050 Россия",,"-1,0"
0,PEOPLE by COFFEE WAY,https://www.tripadvisor.ru/Restaurant_Review-g798123-d21129558-Reviews-PEOPLE_by_COFFEE_WAY-Lipetsk_Lipetsk_Oblast_Central_Russia.html,+7 474 271-97-86,"Петра Смородины,  9а, Липецк 398046 Россия",,"-1,0"
0,25Часов,https://www.tripadvisor.ru/Restaurant_Review-g798123-d8441363-Reviews-25Chasov-Lipetsk_Lipetsk_Oblast_Central_Russia.html,,"Победы проспект, д. 128, Липецк 398036 Россия",,"-1,0"
0,Додо Пицца,https://www.tripadvisor.ru/Restaurant_Review-g798123-d23242738-Reviews-Dodo_Pizza-Lipetsk_Lipetsk_Oblast_Central_Russia.html,+7 800 302-00-60,"улица Катукова, 51, Липецк 398036 Россия",,"-1,0"
0,Фора,https://www.tripadvisor.ru/Restaurant_Review-g798123-d6745184-Reviews-Fora-Lipetsk_Lipetsk_Oblast_Central_Russia.html,,"Стаханова, 49а, Липецк Россия",,"-1,0"
0,Бар на Ленинградская,https://www.tripadvisor.ru/Restaurant_Review-g798123-d6743725-Reviews-Bar_Na_Leningradskaya-Lipetsk_Lipetsk_Oblast_Central_Russia.html,,"Ленинградская, 12, Липецк 398006 Россия",,"-1,0"
0,Дуэт,https://www.tripadvisor.ru/Restaurant_Review-g798123-d6189254-Reviews-Du_t-Lipetsk_Lipetsk_Oblast_Central_Russia.html,+7 474 234-87-38,"Гагарина, 117а, Липецк 398043 Россия",,"-1,0"
0,Пиff Бaza,https://www.tripadvisor.ru/Restaurant_Review-g798123-d8348683-Reviews-Piff_Baza-Lipetsk_Lipetsk_Oblast_Central_Russia.html,,"60 лет СССР проспект, 18Б, Липецк 398046 Россия",,"-1,0"
0,Пивной Ковчег,https://www.tripadvisor.ru/Restaurant_Review-g798123-d8348808-Reviews-Pivnoi_Kovcheg-Lipetsk_Lipetsk_Oblast_Central_Russia.html,+7 952 599-69-16,"Титова, 5, Липецк 398043 Россия",,"-1,0"
0,Сетай,https://www.tripadvisor.ru/Restaurant_Review-g798123-d6189521-Reviews-Setai-Lipetsk_Lipetsk_Oblast_Central_Russia.html,+7 474 232-78-25,"Космонавтов, 98, Липецк 398042 Россия",,"-1,0"
0,Липка,https://www.tripadvisor.ru/Restaurant_Review-g798123-d6189507-Reviews-Lipka-Lipetsk_Lipetsk_Oblast_Central_Russia.html,+7 474 234-56-96,"Космонавтов, 44/3, Липецк 398043 Россия",,"-1,0"
0,Аленка,https://www.tripadvisor.ru/Restaurant_Review-g798123-d6743659-Reviews-Alenka-Lipetsk_Lipetsk_Oblast_Central_Russia.html,,"Бунина, 15, Липецк 398036 Россия",,"-1,0"
0,Brutal Panda Bar,https://www.tripadvisor.ru/Restaurant_Review-g798123-d15662893-Reviews-Brutal_Panda_Bar-Lipetsk_Lipetsk_Oblast_Central_Russia.html,+7 903 028-00-07,"Интернациональная,  41, Липецк 398050 Россия",,"-1,0"
0,Mr. Beers,https://www.tripadvisor.ru/Restaurant_Review-g798123-d8551449-Reviews-Mr_Beers-Lipetsk_Lipetsk_Oblast_Central_Russia.html,,"ул. Скороходова, д. 1г, Липецк 398001 Россия",,"-1,0"
0,Банкетный зал «Универсальный»,https://www.tripadvisor.ru/Restaurant_Review-g798123-d23708640-Reviews-Banquet_hall_Universalnyi-Lipetsk_Lipetsk_Oblast_Central_Russia.html,+7 903 865-21-07,"Универсальный проезд 2A, Липецк 398032 Россия",,"-1,0"
0,Крафт Бургер,https://www.tripadvisor.ru/Restaurant_Review-g798123-d13438230-Reviews-Kraft_Burger-Lipetsk_Lipetsk_Oblast_Central_Russia.html,+7 474 290-09-28,"ул. Меркулова, 10а, Липецк 398046 Россия",,"-1,0"
0,Фора,https://www.tripadvisor.ru/Restaurant_Review-g798123-d6745190-Reviews-Fora-Lipetsk_Lipetsk_Oblast_Central_Russia.html,,"Победы проспект, 59Б, Липецк 398024 Россия",,"-1,0"
0,Фора,https://www.tripadvisor.ru/Restaurant_Review-g798123-d6745185-Reviews-Fora-Lipetsk_Lipetsk_Oblast_Central_Russia.html,,"60 лет СССР проспект, 37, Липецк 398036 Россия",,"-1,0"
0,Аквамарин,https://www.tripadvisor.ru/Restaurant_Review-g798123-d6189428-Reviews-Aquamarin-Lipetsk_Lipetsk_Oblast_Central_Russia.html,+7 474 279-03-96,"Стаханова, 35Б, Липецк 398036 Россия",,"-1,0"
0,Фора,https://www.tripadvisor.ru/Restaurant_Review-g798123-d6745183-Reviews-Fora-Lipetsk_Lipetsk_Oblast_Central_Russia.html,+7 474 222-20-19,"8 Марта, 36, Липецк 398001 Россия",,"-1,0"
0,Фора,https://www.tripadvisor.ru/Restaurant_Review-g798123-d6745175-Reviews-Fora-Lipetsk_Lipetsk_Oblast_Central_Russia.html,,"Космонавтов, 98а, Липецк 398042 Россия",,"-1,0"
0,Старик Хинкалыч,https://www.tripadvisor.ru/Restaurant_Review-g798123-d23775574-Reviews-Starik_Khinkalych-Lipetsk_Lipetsk_Oblast_Central_Russia.html,+7 920 548-51-51,"Ул. Зегеля, 23 A, пом. 3, Липецк 398050 Россия",,"-1,0"
0,Шашлычная,https://www.tripadvisor.ru/Restaurant_Review-g798123-d6189399-Reviews-Shashlychnaya-Lipetsk_Lipetsk_Oblast_Central_Russia.html,,"Водопьянова, 15/3, Липецк 398046 Россия",,"-1,0"
0,Ялта,https://www.tripadvisor.ru/Restaurant_Review-g798123-d6189397-Reviews-Yalta-Lipetsk_Lipetsk_Oblast_Central_Russia.html,+7 905 682-55-21,"Водопьянова, 15, Липецк 398046 Россия",,"-1,0"
0,Шампур,https://www.tripadvisor.ru/Restaurant_Review-g798123-d6189396-Reviews-Shampur-Lipetsk_Lipetsk_Oblast_Central_Russia.html,+7 474 222-65-11,"Победы проспект, 1Б, Липецк 398024 Россия",,"-1,0"
0,Паровоз,https://www.tripadvisor.ru/Restaurant_Review-g798123-d8348535-Reviews-Parovoz-Lipetsk_Lipetsk_Oblast_Central_Russia.html,+7 474 290-49-05,"Гагарина, 106, Липецк 398016 Россия",,"-1,0"
0,Фарт,https://www.tripadvisor.ru/Restaurant_Review-g798123-d6189382-Reviews-Fart-Lipetsk_Lipetsk_Oblast_Central_Russia.html,+7 906 686-26-25,"Победы площадь, 6а, Липецк 398001 Россия",,"-1,0"
0,Фаэтон,https://www.tripadvisor.ru/Restaurant_Review-g798123-d6189381-Reviews-Phaeton-Lipetsk_Lipetsk_Oblast_Central_Russia.html,+7 474 232-09-78,"Космонавтов, 70а, Липецк 398032 Россия",,"-1,0"
0,Фарт,https://www.tripadvisor.ru/Restaurant_Review-g798123-d6189378-Reviews-Fart-Lipetsk_Lipetsk_Oblast_Central_Russia.html,+7 904 689-43-38,"Гагарина, 15, Липецк 398020 Россия",,"-1,0"
0,Додо Пицца,https://www.tripadvisor.ru/Restaurant_Review-g798123-d23399747-Reviews-Dodo_Pizza-Lipetsk_Lipetsk_Oblast_Central_Russia.html,+7 800 302-00-60,"улица Валентины Терешковой, 18А, Липецк 398043 Россия",,"-1,0"
0,Трактиръ,https://www.tripadvisor.ru/Restaurant_Review-g798123-d6189374-Reviews-Traktir-Lipetsk_Lipetsk_Oblast_Central_Russia.html,,"Мира площадь, 4в, Липецк 398005 Россия",,"-1,0"
0,У Люси,https://www.tripadvisor.ru/Restaurant_Review-g798123-d6189372-Reviews-U_Lyusi-Lipetsk_Lipetsk_Oblast_Central_Russia.html,,"Космонавтов, 88, Липецк 398042 Россия",,"-1,0"
0,У Василича,https://www.tripadvisor.ru/Restaurant_Review-g798123-d6189370-Reviews-U_Vasilicha-Lipetsk_Lipetsk_Oblast_Central_Russia.html,,"Шерстобитова, 20, Липецк 398036 Россия",,"-1,0"
0,Тифлис,https://www.tripadvisor.ru/Restaurant_Review-g798123-d6189364-Reviews-Tiflis-Lipetsk_Lipetsk_Oblast_Central_Russia.html,+7 474 271-70-08,"ул. Октябрьская, 6, Липецк 398059 Россия",,"-1,0"
0,Тачки,https://www.tripadvisor.ru/Restaurant_Review-g798123-d6189361-Reviews-Tachki-Lipetsk_Lipetsk_Oblast_Central_Russia.html,+7 474 223-17-07,"Неделина, 1, Липецк 398059 Россия",,"-1,0"
0,Суши мания,https://www.tripadvisor.ru/Restaurant_Review-g798123-d6189360-Reviews-Sushi_Mania-Lipetsk_Lipetsk_Oblast_Central_Russia.html,+7 474 290-10-50,"Белана, 26, Липецк 398036 Россия",,"-1,0"
0,Mybox,https://www.tripadvisor.ru/Restaurant_Review-g798123-d20089514-Reviews-Mybox-Lipetsk_Lipetsk_Oblast_Central_Russia.html,+7 800 100-00-55,"улица Катукова, 51, Липецк 398004 Россия",,"-1,0"
0,Садко,https://www.tripadvisor.ru/Restaurant_Review-g798123-d6189348-Reviews-Sadko-Lipetsk_Lipetsk_Oblast_Central_Russia.html,+7 474 243-96-68,"Моршанская, 7а, Липецк 398908 Россия",,"-1,0"
0,Радуга,https://www.tripadvisor.ru/Restaurant_Review-g798123-d6189347-Reviews-Raduga-Lipetsk_Lipetsk_Oblast_Central_Russia.html,+7 474 247-96-65,"Победы проспект, 59а, Липецк 398024 Россия",,"-1,0"
0,Роса,https://www.tripadvisor.ru/Restaurant_Review-g798123-d6189344-Reviews-Rosa-Lipetsk_Lipetsk_Oblast_Central_Russia.html,,"9 Мая, 9а, Липецк 398017 Россия",,"-1,0"
0,Ромашка,https://www.tripadvisor.ru/Restaurant_Review-g798123-d6189343-Reviews-Romashka-Lipetsk_Lipetsk_Oblast_Central_Russia.html,+7 474 278-10-40,"Петра Смородина, 12в, Липецк 398046 Россия",,"-1,0"
0,Пивная таверна,https://www.tripadvisor.ru/Restaurant_Review-g798123-d6189342-Reviews-Pivnaya_Tavern-Lipetsk_Lipetsk_Oblast_Central_Russia.html,,"60 лет СССР проспект, 18г, Липецк 398046 Россия",,"-1,0"
0,Под Куполом,https://www.tripadvisor.ru/Restaurant_Review-g798123-d6189339-Reviews-Pod_Kupolom-Lipetsk_Lipetsk_Oblast_Central_Russia.html,+7 474 233-55-55,"Московская, 75а, Липецк 398042 Россия",,"-1,0"
0,Распутье,https://www.tripadvisor.ru/Restaurant_Review-g798123-d6189336-Reviews-Rasputye-Lipetsk_Lipetsk_Oblast_Central_Russia.html,+7 474 270-36-57,"Юношеская, 45, Липецк 398902 Россия",,"-1,0"
0,Пятачок,https://www.tripadvisor.ru/Restaurant_Review-g798123-d6189335-Reviews-Pyatachok-Lipetsk_Lipetsk_Oblast_Central_Russia.html,,"6 Гвардейской Дивизии, 9, Липецк 398006 Россия",,"-1,0"
0,Погребок,https://www.tripadvisor.ru/Restaurant_Review-g798123-d6189334-Reviews-Pogrebok-Lipetsk_Lipetsk_Oblast_Central_Russia.html,+7 474 232-10-25,"Вермишева, 2, Липецк 398035 Россия",,"-1,0"
0,Пещера,https://www.tripadvisor.ru/Restaurant_Review-g798123-d6189331-Reviews-Peshhera-Lipetsk_Lipetsk_Oblast_Central_Russia.html,+7 474 243-02-86,"Суворова, 28, Липецк 398017 Россия",,"-1,0"
0,Оазис,https://www.tripadvisor.ru/Restaurant_Review-g798123-d6189329-Reviews-Oasis-Lipetsk_Lipetsk_Oblast_Central_Russia.html,+7 910 254-24-33,"Баумана, 214, Липецк 398026 Россия",,"-1,0"
0,Аньшань,https://www.tripadvisor.ru/Restaurant_Review-g798123-d6189328-Reviews-Anshan-Lipetsk_Lipetsk_Oblast_Central_Russia.html,+7 474 234-75-15,"Гагарина, 133, Липецк 398043 Россия",,"-1,0"
0,Золотая Миля,https://www.tripadvisor.ru/Restaurant_Review-g798123-d8351664-Reviews-Zolotaya_Milya-Lipetsk_Lipetsk_Oblast_Central_Russia.html,,"Белана, 18, Липецк 398004 Россия",,"-1,0"
0,Олимп,https://www.tripadvisor.ru/Restaurant_Review-g798123-d6189324-Reviews-Olymp-Lipetsk_Lipetsk_Oblast_Central_Russia.html,+7 474 242-02-95,"Фрунзе, 11, Липецк 398059 Россия",,"-1,0"
0,От заката до рассвета,https://www.tripadvisor.ru/Restaurant_Review-g798123-d6189322-Reviews-Ot_Zakata_Do_Rassveta-Lipetsk_Lipetsk_Oblast_Central_Russia.html,,"Федеральная автодорога Орёл-Тамбов 298 км, 2, Липецк 398901 Россия",,"-1,0"
0,Летняя веранда Золотой гусь,https://www.tripadvisor.ru/Restaurant_Review-g798123-d23444812-Reviews-Letnyaya_Veranda_Zolotoy_Gus-Lipetsk_Lipetsk_Oblast_Central_Russia.html,+7 474 255-33-88,"ул. Московская, 75А, Липецк 398024 Россия",,"-1,0"
0,Минутка,https://www.tripadvisor.ru/Restaurant_Review-g798123-d6189320-Reviews-Minutka-Lipetsk_Lipetsk_Oblast_Central_Russia.html,,"Заводская площадь, 3Б, Липецк 398007 Россия",,"-1,0"
0,Мелания,https://www.tripadvisor.ru/Restaurant_Review-g798123-d6189306-Reviews-Melania-Lipetsk_Lipetsk_Oblast_Central_Russia.html,,"Федеральная автодорога Орёл-Тамбов 299 км, 1, Липецк 398007 Россия",,"-1,0"
0,Мангал Сити,https://www.tripadvisor.ru/Restaurant_Review-g798123-d6189301-Reviews-Mangal_City-Lipetsk_Lipetsk_Oblast_Central_Russia.html,,"Катукова, 26а, Липецк 398036 Россия",,"-1,0"
0,Айс,https://www.tripadvisor.ru/Restaurant_Review-g798123-d6189300-Reviews-Ais-Lipetsk_Lipetsk_Oblast_Central_Russia.html,,"Белана, 10, Липецк 398036 Россия",,"-1,0"
0,Лира,https://www.tripadvisor.ru/Restaurant_Review-g798123-d6189299-Reviews-Lira-Lipetsk_Lipetsk_Oblast_Central_Russia.html,+7 474 240-09-64,"Петра Смородина, 1а, Липецк 398046 Россия",,"-1,0"
0,Лира,https://www.tripadvisor.ru/Restaurant_Review-g798123-d6189293-Reviews-Lira-Lipetsk_Lipetsk_Oblast_Central_Russia.html,+7 474 222-03-57,"Карла Маркса, 2, Липецк 398059 Россия",,"-1,0"
0,Лик,https://www.tripadvisor.ru/Restaurant_Review-g798123-d6189292-Reviews-Lik-Lipetsk_Lipetsk_Oblast_Central_Russia.html,,"Гагарина, 161, Липецк 398032 Россия",,"-1,0"
0,Л-Тойс,https://www.tripadvisor.ru/Restaurant_Review-g798123-d6189289-Reviews-L_Tois-Lipetsk_Lipetsk_Oblast_Central_Russia.html,,"Победы проспект, 92, Липецк 398024 Россия",,"-1,0"
0,Тайга,https://www.tripadvisor.ru/Restaurant_Review-g798123-d23503901-Reviews-Tayga-Lipetsk_Lipetsk_Oblast_Central_Russia.html,+7 474 256-67-77,"Минская 49А, Липецк 398902 Россия",,"-1,0"
0,Кофе Place,https://www.tripadvisor.ru/Restaurant_Review-g798123-d6189286-Reviews-Coffee_Place-Lipetsk_Lipetsk_Oblast_Central_Russia.html,+7 920 549-15-55,"Победы проспект, 29, Липецк 398024 Россия",,"-1,0"
0,Леда,https://www.tripadvisor.ru/Restaurant_Review-g798123-d6189284-Reviews-Leda-Lipetsk_Lipetsk_Oblast_Central_Russia.html,+7 474 227-89-15,"Интернациональная, 42, Липецк 398020 Россия",,"-1,0"
0,Клен,https://www.tripadvisor.ru/Restaurant_Review-g798123-d6189283-Reviews-Klen-Lipetsk_Lipetsk_Oblast_Central_Russia.html,+7 474 248-37-77,"40 лет Октября, 3, Липецк 398007 Россия",,"-1,0"
0,Coffee On Your Way,https://www.tripadvisor.ru/Restaurant_Review-g798123-d6189282-Reviews-Coffee_on_Your_Way-Lipetsk_Lipetsk_Oblast_Central_Russia.html,,"Петра Смородина, 15, Липецк 398046 Россия",,"-1,0"
0,Корона,https://www.tripadvisor.ru/Restaurant_Review-g798123-d6189281-Reviews-Corona-Lipetsk_Lipetsk_Oblast_Central_Russia.html,+7 474 274-54-05,"50 лет НЛМК, 5а/1, Липецк 398059 Россия",,"-1,0"
0,Ковчег,https://www.tripadvisor.ru/Restaurant_Review-g798123-d6189278-Reviews-Kovcheg-Lipetsk_Lipetsk_Oblast_Central_Russia.html,+7 474 240-96-82,"ул. Доватора, 12, Липецк 398024 Россия",,"-1,0"
0,Тепло,https://www.tripadvisor.ru/Restaurant_Review-g798123-d19950626-Reviews-Teplo-Lipetsk_Lipetsk_Oblast_Central_Russia.html,+7 952 598-04-17,"Желябова, 7, Липецк 398050 Россия",,"-1,0"
0,Карусель,https://www.tripadvisor.ru/Restaurant_Review-g798123-d6189271-Reviews-Karusel-Lipetsk_Lipetsk_Oblast_Central_Russia.html,+7 474 238-49-55,"Космонавтов, 54Б, Липецк 398032 Россия",,"-1,0"
0,Карусель,https://www.tripadvisor.ru/Restaurant_Review-g798123-d6189270-Reviews-Karusel-Lipetsk_Lipetsk_Oblast_Central_Russia.html,+7 474 241-71-99,"Водопьянова, 14, Липецк 398058 Россия",,"-1,0"
0,Камin,https://www.tripadvisor.ru/Restaurant_Review-g798123-d6189266-Reviews-Kamin-Lipetsk_Lipetsk_Oblast_Central_Russia.html,+7 474 223-57-37,"Октябрьская, 53 ст2, Липецк 398059 Россия",,"-1,0"
0,Кабачок,https://www.tripadvisor.ru/Restaurant_Review-g798123-d6189263-Reviews-Kabachok-Lipetsk_Lipetsk_Oblast_Central_Russia.html,+7 474 279-39-36,"Меркулова, 14Б, Липецк 398036 Россия",,"-1,0"
0,Изба охотника,https://www.tripadvisor.ru/Restaurant_Review-g798123-d6189262-Reviews-Izba_Okhotnika-Lipetsk_Lipetsk_Oblast_Central_Russia.html,,"Студёновская, 19, Липецк 398020 Россия",,"-1,0"
0,Горница,https://www.tripadvisor.ru/Restaurant_Review-g798123-d6189261-Reviews-Gornitsa-Lipetsk_Lipetsk_Oblast_Central_Russia.html,+7 474 248-80-95,"Победы проспект, 72, Липецк 398024 Россия",,"-1,0"
0,Золотое Кольцо,https://www.tripadvisor.ru/Restaurant_Review-g798123-d6189259-Reviews-Zolotoye_Koltso-Lipetsk_Lipetsk_Oblast_Central_Russia.html,+7 474 241-56-67,"15-й микрорайон, 17, Липецк 398058 Россия",,"-1,0"
0,Звездочка-К,https://www.tripadvisor.ru/Restaurant_Review-g798123-d6189258-Reviews-Zvezdochka_K-Lipetsk_Lipetsk_Oblast_Central_Russia.html,+7 474 273-16-14,"Краснозаводская, 4, Липецк 398006 Россия",,"-1,0"
0,Бульbar,https://www.tripadvisor.ru/Restaurant_Review-g798123-d8345204-Reviews-Bulbar-Lipetsk_Lipetsk_Oblast_Central_Russia.html,+7 474 224-25-66,"Замятина, 3, Липецк 398055 Россия",,"-1,0"
0,АБТ,https://www.tripadvisor.ru/Restaurant_Review-g798123-d6189252-Reviews-Abt-Lipetsk_Lipetsk_Oblast_Central_Russia.html,+7 474 227-74-65,"Ленина, 11, Липецк 398050 Россия",,"-1,0"
0,Десертино,https://www.tripadvisor.ru/Restaurant_Review-g798123-d6189251-Reviews-Desertino-Lipetsk_Lipetsk_Oblast_Central_Russia.html,+7 474 237-78-99,"Титова, 10, Липецк 398032 Россия",,"-1,0"
0,Горизонт 2000,https://www.tripadvisor.ru/Restaurant_Review-g798123-d6189250-Reviews-Gorizont_2000-Lipetsk_Lipetsk_Oblast_Central_Russia.html,+7 474 241-58-53,"Победы проспект, 89, Липецк 398046 Россия",,"-1,0"
0,Верба,https://www.tripadvisor.ru/Restaurant_Review-g798123-d6189247-Reviews-Verba-Lipetsk_Lipetsk_Oblast_Central_Russia.html,+7 474 227-54-49,"Елецкая, 71а, Липецк 398020 Россия",,"-1,0"
0,Винный погребок,https://www.tripadvisor.ru/Restaurant_Review-g798123-d6189237-Reviews-Vinny_Pogrebok-Lipetsk_Lipetsk_Oblast_Central_Russia.html,,"Металлургов площадь, 3, Липецк 398005 Россия",,"-1,0"
0,Берлога,https://www.tripadvisor.ru/Restaurant_Review-g798123-d6189233-Reviews-Berloga-Lipetsk_Lipetsk_Oblast_Central_Russia.html,+7 474 238-27-25,"Циолковского, 26а, Липецк 398043 Россия",,"-1,0"
0,Бавариус,https://www.tripadvisor.ru/Restaurant_Review-g798123-d6189230-Reviews-Bavarius-Lipetsk_Lipetsk_Oblast_Central_Russia.html,+7 474 237-56-84,"Победы проспект, 47, Липецк 398024 Россия",,"-1,0"
0,Аэлита,https://www.tripadvisor.ru/Restaurant_Review-g798123-d6189228-Reviews-A_lita-Lipetsk_Lipetsk_Oblast_Central_Russia.html,,"Филипченко, 16, Липецк 398035 Россия",,"-1,0"
0,Зальцбург,https://www.tripadvisor.ru/Restaurant_Review-g798123-d8351565-Reviews-Zaltsburg-Lipetsk_Lipetsk_Oblast_Central_Russia.html,,"Писарева, 8а, Липецк 398029 Россия",,"-1,0"
0,Mone,https://www.tripadvisor.ru/Restaurant_Review-g798123-d8107223-Reviews-Mone-Lipetsk_Lipetsk_Oblast_Central_Russia.html,+7 474 290-03-06,"ул. Зегеля, 23, Липецк 398050 Россия",,"-1,0"
0,АНИ,https://www.tripadvisor.ru/Restaurant_Review-g798123-d6189225-Reviews-Ani-Lipetsk_Lipetsk_Oblast_Central_Russia.html,+7 474 237-60-11,"Моршанская, ст6, Липецк 398908 Россия",,"-1,0"
0,АвтоПицца,https://www.tripadvisor.ru/Restaurant_Review-g798123-d6189218-Reviews-AutoPizza-Lipetsk_Lipetsk_Oblast_Central_Russia.html,+7 474 255-55-11,"Меркулова, 10а, Липецк 398046 Россия",,"-1,0"
0,Азеррос,https://www.tripadvisor.ru/Restaurant_Review-g798123-d6189215-Reviews-Azerros-Lipetsk_Lipetsk_Oblast_Central_Russia.html,,"15-й микрорайон, 8, Липецк 398058 Россия",,"-1,0"
0,Sushi-Party,https://www.tripadvisor.ru/Restaurant_Review-g798123-d6189212-Reviews-Sushi_Party-Lipetsk_Lipetsk_Oblast_Central_Russia.html,+7 909 224-88-08,"Советская, 64 ст1, Липецк 398001 Россия",,"-1,0"
0,Mybox,https://www.tripadvisor.ru/Restaurant_Review-g798123-d20089499-Reviews-Mybox-Lipetsk_Lipetsk_Oblast_Central_Russia.html,+7 800 100-00-55,"просп. 60 лет СССР, 34, Липецк 398036 Россия",,"-1,0"
0,7я,https://www.tripadvisor.ru/Restaurant_Review-g798123-d6189194-Reviews-7Ya-Lipetsk_Lipetsk_Oblast_Central_Russia.html,+7 920 507-78-50,"Ангарская, 23а, Липецк 398902 Россия",,"-1,0"
0,4 сезона,https://www.tripadvisor.ru/Restaurant_Review-g798123-d6189185-Reviews-4_Sezona-Lipetsk_Lipetsk_Oblast_Central_Russia.html,+7 474 223-83-84,"Тельмана, 19, Липецк 398002 Россия",,"-1,0"
0,Закусочная,https://www.tripadvisor.ru/Restaurant_Review-g798123-d8351516-Reviews-Zakusochnaya-Lipetsk_Lipetsk_Oblast_Central_Russia.html,,"60 лет СССР проспект, 2, Липецк 398046 Россия",,"-1,0"
0,Штаб Квартира,https://www.tripadvisor.ru/Restaurant_Review-g798123-d8349736-Reviews-Shtab_Kvartira-Lipetsk_Lipetsk_Oblast_Central_Russia.html,+7 904 288-49-90,"Студёновская, 195, Липецк 398007 Россия",,"-1,0"
0,Mybox,https://www.tripadvisor.ru/Restaurant_Review-g798123-d20089454-Reviews-Mybox-Lipetsk_Lipetsk_Oblast_Central_Russia.html,+7 800 100-00-55,"ул. Космонавтов, 98, Липецк 398042 Россия",,"-1,0"
0,Мокко,https://www.tripadvisor.ru/Restaurant_Review-g798123-d3568485-Reviews-Mocco-Lipetsk_Lipetsk_Oblast_Central_Russia.html,,"ул. Терешковой, 6, Липецк 398016 Россия",,"-1,0"
0,БлинТаймз,https://www.tripadvisor.ru/Restaurant_Review-g798123-d14169369-Reviews-BlinTimes-Lipetsk_Lipetsk_Oblast_Central_Russia.html,+7 904 297-84-01,"ул.Студёновская 184А ТЦ Радуга, 1 этаж, Липецк 398007 Россия",,"-1,0"
0,Просто Пицца,https://www.tripadvisor.ru/Restaurant_Review-g798123-d23392043-Reviews-Prosto_Pizza-Lipetsk_Lipetsk_Oblast_Central_Russia.html,+7 474 224-32-33,"ул. Советская д. 66/ 5, Липецк 398001 Россия",,"-1,0"
0,Янтарная Слеза,https://www.tripadvisor.ru/Restaurant_Review-g798123-d8351384-Reviews-Yantarnaya_Sleza-Lipetsk_Lipetsk_Oblast_Central_Russia.html,+7 960 148-15-16,"Плеханова, 50, Липецк 398050 Россия",,"-1,0"
0,Бриз,https://www.tripadvisor.ru/Restaurant_Review-g798123-d8345057-Reviews-Breeze-Lipetsk_Lipetsk_Oblast_Central_Russia.html,+7 904 291-03-10,"Победы проспект, 128, Липецк 398036 Россия",,"-1,0"
0,Бремен,https://www.tripadvisor.ru/Restaurant_Review-g798123-d8345056-Reviews-Bremen-Lipetsk_Lipetsk_Oblast_Central_Russia.html,,"Жуковского, 4, Липецк 398006 Россия",,"-1,0"
0,Пивной бар,https://www.tripadvisor.ru/Restaurant_Review-g798123-d8562235-Reviews-Pivnoi_Bar-Lipetsk_Lipetsk_Oblast_Central_Russia.html,+7 904 219-79-08,"ул. Стаханова, д. 22, Липецк 398046 Россия",,"-1,0"
0,Оktoberfest,https://www.tripadvisor.ru/Restaurant_Review-g798123-d8348407-Reviews-Oktoberfest-Lipetsk_Lipetsk_Oblast_Central_Russia.html,,"Вермишева, 4а, Липецк 398035 Россия",,"-1,0"
0,"Столовая на Ангарской, вл. 35",https://www.tripadvisor.ru/Restaurant_Review-g798123-d8350033-Reviews-Stolovaya-Lipetsk_Lipetsk_Oblast_Central_Russia.html,,"Ангарская, вл. 35, Липецк 398902 Россия",,"-1,0"
0,Пив & ко,https://www.tripadvisor.ru/Restaurant_Review-g798123-d8562204-Reviews-Piv_Ko-Lipetsk_Lipetsk_Oblast_Central_Russia.html,,"ул. Славянова, д. 1, Липецк 398055 Россия",,"-1,0"
0,Mybox,https://www.tripadvisor.ru/Restaurant_Review-g798123-d20089349-Reviews-Mybox-Lipetsk_Lipetsk_Oblast_Central_Russia.html,+7 800 100-00-55,"ул. Гагарина, 100Б, Липецк 398016 Россия",,"-1,0"
0,Mybox,https://www.tripadvisor.ru/Restaurant_Review-g798123-d20089348-Reviews-Mybox-Lipetsk_Lipetsk_Oblast_Central_Russia.html,+7 800 100-00-55,"ул. Студёновская, 124а, Липецк 398007 Россия",,"-1,0"
0,Mybox,https://www.tripadvisor.ru/Restaurant_Review-g798123-d20089346-Reviews-Mybox-Lipetsk_Lipetsk_Oblast_Central_Russia.html,+7 800 100-00-55,"улица Космонавтов, 28, Липецк 398016 Россия",,"-1,0"
0,Янтарный Двор,https://www.tripadvisor.ru/Restaurant_Review-g798123-d8351388-Reviews-Yantarny_Dvor-Lipetsk_Lipetsk_Oblast_Central_Russia.html,+7 904 293-65-95,"Терешковой, 5/1, Липецк 398016 Россия",,"-1,0"
0,Хмельбург,https://www.tripadvisor.ru/Restaurant_Review-g798123-d8535040-Reviews-Khmelburg-Lipetsk_Lipetsk_Oblast_Central_Russia.html,,"ул. Желябова, д. 16, Липецк 398050 Россия",,"-1,0"
0,Гаштет,https://www.tripadvisor.ru/Restaurant_Review-g798123-d8346593-Reviews-Gashtet-Lipetsk_Lipetsk_Oblast_Central_Russia.html,,"Космонавтов, 98, Липецк 398042 Россия",,"-1,0"
0,Пит-стоп,https://www.tripadvisor.ru/Restaurant_Review-g798123-d6744799-Reviews-Pit_Stop-Lipetsk_Lipetsk_Oblast_Central_Russia.html,,"Бунина, 20, Липецк 398036 Россия",,"-1,0"
0,Забава,https://www.tripadvisor.ru/Restaurant_Review-g798123-d8351458-Reviews-Zabava-Lipetsk_Lipetsk_Oblast_Central_Russia.html,+7 920 530-33-33,"60 лет СССР проспект, вл. 36, Липецк 398055 Россия",,"-1,0"
0,Др.Хмель,https://www.tripadvisor.ru/Restaurant_Review-g798123-d6743181-Reviews-Dr_Khmel-Lipetsk_Lipetsk_Oblast_Central_Russia.html,,"Геологическая, 2Б, Липецк 398902 Россия",,"-1,0"
0,Пивбург,https://www.tripadvisor.ru/Restaurant_Review-g798123-d6744777-Reviews-Pivburg-Lipetsk_Lipetsk_Oblast_Central_Russia.html,,"Терешковой, 18, Липецк 398043 Россия",,"-1,0"
0,ПивБарин,https://www.tripadvisor.ru/Restaurant_Review-g798123-d6744773-Reviews-Pivbarin-Lipetsk_Lipetsk_Oblast_Central_Russia.html,+7 904 688-34-89,"Детская, 13а Сырский, Липецк 398902 Россия",,"-1,0"
0,Mybox,https://www.tripadvisor.ru/Restaurant_Review-g798123-d20089463-Reviews-Mybox-Lipetsk_Lipetsk_Oblast_Central_Russia.html,+7 800 100-00-55,"ул. Катукова, 11, Липецк 398004 Россия",,"-1,0"
0,Пивбург,https://www.tripadvisor.ru/Restaurant_Review-g798123-d6744766-Reviews-Pivburg-Lipetsk_Lipetsk_Oblast_Central_Russia.html,+7 474 223-48-63,"Неделина, 61, Липецк 398059 Россия",,"-1,0"
0,Шустер,https://www.tripadvisor.ru/Restaurant_Review-g798123-d8349742-Reviews-Shuster-Lipetsk_Lipetsk_Oblast_Central_Russia.html,,"Водопьянова, 14, Липецк 398058 Россия",,"-1,0"
0,Ресторан Sole,https://www.tripadvisor.ru/Restaurant_Review-g798123-d23706819-Reviews-Sole_Restaurant-Lipetsk_Lipetsk_Oblast_Central_Russia.html,+7 474 228-88-28,"ул. Зегеля, д.1, Липецк 398050 Россия",,"-1,0"
0,Фри Зон,https://www.tripadvisor.ru/Restaurant_Review-g798123-d8346524-Reviews-Free_Zone-Lipetsk_Lipetsk_Oblast_Central_Russia.html,+7 920 502-61-33,"Славянова, 1, Липецк 398055 Россия",,"-1,0"
0,Встреча,https://www.tripadvisor.ru/Restaurant_Review-g798123-d8351308-Reviews-Vstrecha-Lipetsk_Lipetsk_Oblast_Central_Russia.html,,"Металлургов площадь, 5, Липецк 398005 Россия",,"-1,0"
0,Пиво-Во,https://www.tripadvisor.ru/Restaurant_Review-g798123-d7177087-Reviews-Pivo_Vo-Lipetsk_Lipetsk_Oblast_Central_Russia.html,+7 904 281-32-33,"ул. Космонавтов, д. 41/1, Липецк 398035 Россия",,"-1,0"
0,"Закусочная на ул. Меркулова, 16А",https://www.tripadvisor.ru/Restaurant_Review-g798123-d8351553-Reviews-Zakusochnaya-Lipetsk_Lipetsk_Oblast_Central_Russia.html,,"Меркулова, 16а, Липецк 398036 Россия",,"-1,0"
0,Околица,https://www.tripadvisor.ru/Restaurant_Review-g798123-d8348402-Reviews-Okolitsa-Lipetsk_Lipetsk_Oblast_Central_Russia.html,+7 919 255-99-05,"Стаханова, 65, Липецк 398004 Россия",,"-1,0"
0,Пив & ко,https://www.tripadvisor.ru/Restaurant_Review-g798123-d6744661-Reviews-Piv_Ko-Lipetsk_Lipetsk_Oblast_Central_Russia.html,+7 915 852-10-46,"Белана, 5, Липецк 398036 Россия",,"-1,0"
0,Оливия,https://www.tripadvisor.ru/Restaurant_Review-g798123-d8348415-Reviews-Oliviya-Lipetsk_Lipetsk_Oblast_Central_Russia.html,+7 474 232-57-31,"Космонавтов, 104, Липецк 398042 Россия",,"-1,0"
0,Бавария,https://www.tripadvisor.ru/Restaurant_Review-g798123-d6743047-Reviews-Bavaria-Lipetsk_Lipetsk_Oblast_Central_Russia.html,,"Циолковского, 5/1, Липецк 398032 Россия",,"-1,0"
0,Бавария,https://www.tripadvisor.ru/Restaurant_Review-g798123-d6743045-Reviews-Bavaria-Lipetsk_Lipetsk_Oblast_Central_Russia.html,,"Московская, 105а, Липецк 398055 Россия",,"-1,0"
0,ТОМАТО,https://www.tripadvisor.ru/Restaurant_Review-g798123-d23793978-Reviews-TOMATO-Lipetsk_Lipetsk_Oblast_Central_Russia.html,+7 474 256-63-76,"Катукова, 51, Липецк 398036 Россия",,"-1,0"
0,Металлобаза,https://www.tripadvisor.ru/Restaurant_Review-g798123-d8348013-Reviews-Metallobaza-Lipetsk_Lipetsk_Oblast_Central_Russia.html,,"Ковалёва, 101, Липецк 398007 Россия",,"-1,0"
0,Фабрика Кухня Пицца на Первомайской,https://www.tripadvisor.ru/Restaurant_Review-g798123-d20058632-Reviews-Pizza_na_Pervomaiskoi-Lipetsk_Lipetsk_Oblast_Central_Russia.html,+7 474 237-10-10,"ул. П.И.Смородина, д. 8а, Липецк 398046 Россия",,"-1,0"
0,СушиВесла,https://www.tripadvisor.ru/Restaurant_Review-g798123-d12731662-Reviews-SushiVesla-Lipetsk_Lipetsk_Oblast_Central_Russia.html,+7 800 550-30-30,"улица Катукова, 51, Липецк 398036 Россия",,"-1,0"
0,Витаминка,https://www.tripadvisor.ru/Restaurant_Review-g798123-d8351181-Reviews-Vitaminka-Lipetsk_Lipetsk_Oblast_Central_Russia.html,,"Московская, 6/1, Липецк 398055 Россия",,"-1,0"
0,Молодежное,https://www.tripadvisor.ru/Restaurant_Review-g798123-d8550788-Reviews-Molodezhnoye-Lipetsk_Lipetsk_Oblast_Central_Russia.html,+7 474 243-15-60,"Мира проспект, д. 3Б, Липецк 398005 Россия",,"-1,0"
0,Бульвар,https://www.tripadvisor.ru/Restaurant_Review-g798123-d7277419-Reviews-Bulvar-Lipetsk_Lipetsk_Oblast_Central_Russia.html,+7 474 239-15-35,"ул. Неделина, д. 61, Липецк 398059 Россия",,"-1,0"
0,Золотой Хмель,https://www.tripadvisor.ru/Restaurant_Review-g798123-d8351678-Reviews-Zolotoi_Khmel-Lipetsk_Lipetsk_Oblast_Central_Russia.html,+7 960 158-05-06,"Ворошилова, 3, Липецк 398001 Россия",,"-1,0"
0,Биртаун,https://www.tripadvisor.ru/Restaurant_Review-g798123-d8344730-Reviews-Beertown-Lipetsk_Lipetsk_Oblast_Central_Russia.html,,"Мира проспект, 9, Липецк 398005 Россия",,"-1,0"
0,На троих,https://www.tripadvisor.ru/Restaurant_Review-g798123-d6744532-Reviews-Na_Troikh-Lipetsk_Lipetsk_Oblast_Central_Russia.html,+7 920 500-49-16,"Победы проспект, 116, Липецк 398036 Россия",,"-1,0"
0,СушиВесла,https://www.tripadvisor.ru/Restaurant_Review-g798123-d23531479-Reviews-SushiVesla-Lipetsk_Lipetsk_Oblast_Central_Russia.html,+7 800 550-30-30,"ул. Свиридова, 9, Липецк 398004 Россия",,"-1,0"
0,Бир Таун,https://www.tripadvisor.ru/Restaurant_Review-g798123-d8344709-Reviews-Beer_Town-Lipetsk_Lipetsk_Oblast_Central_Russia.html,+7 474 278-50-65,"Теперика, 7а, Липецк 398004 Россия",,"-1,0"
0,Мир пива,https://www.tripadvisor.ru/Restaurant_Review-g798123-d6744512-Reviews-Mir_Piva-Lipetsk_Lipetsk_Oblast_Central_Russia.html,+7 474 223-23-28,"Неделина, 16, Липецк 398059 Россия",,"-1,0"
0,Бир Мир,https://www.tripadvisor.ru/Restaurant_Review-g798123-d8344703-Reviews-Beer_Mir-Lipetsk_Lipetsk_Oblast_Central_Russia.html,+7 900 597-01-67,"Космонавтов, 38, Липецк 398043 Россия",,"-1,0"
0,Маркетсервис,https://www.tripadvisor.ru/Restaurant_Review-g798123-d8347881-Reviews-Marketservice-Lipetsk_Lipetsk_Oblast_Central_Russia.html,,"Зои Космодемьянской, 224, Липецк 398005 Россия",,"-1,0"
0,Бавария,https://www.tripadvisor.ru/Restaurant_Review-g798123-d8344676-Reviews-Bavaria-Lipetsk_Lipetsk_Oblast_Central_Russia.html,+7 909 219-01-00,"Победы проспект, 106а, Липецк 398046 Россия",,"-1,0"
0,Барсук,https://www.tripadvisor.ru/Restaurant_Review-g798123-d8344635-Reviews-Barsuk-Lipetsk_Lipetsk_Oblast_Central_Russia.html,+7 474 270-32-30,"Водопьянова, 21Б стр. 1, Липецк 398046 Россия",,"-1,0"
0,Барон-М,https://www.tripadvisor.ru/Restaurant_Review-g798123-d8344629-Reviews-Baron_M-Lipetsk_Lipetsk_Oblast_Central_Russia.html,,"Агрономическая, 17, Липецк 398037 Россия",,"-1,0"
0,Между булок,https://www.tripadvisor.ru/Restaurant_Review-g798123-d12517168-Reviews-Mezhdu_Bulok-Lipetsk_Lipetsk_Oblast_Central_Russia.html,,"Пр. 60 лет СССР, 34 А, Липецк 398046 Россия",,"-1,0"
0,Гастрономический пивной ресторан GRAND,https://www.tripadvisor.ru/Restaurant_Review-g798123-d17728570-Reviews-Grand-Lipetsk_Lipetsk_Oblast_Central_Russia.html,+7 474 228-88-80,"ул. Терешковой, 13Б, Липецк 398002 Россия",,"-1,0"
0,Два Товарища,https://www.tripadvisor.ru/Restaurant_Review-g798123-d8346188-Reviews-Dva_Tovarishha-Lipetsk_Lipetsk_Oblast_Central_Russia.html,,"Водопьянова, 37, Липецк 398046 Россия",,"-1,0"
0,Reni,https://www.tripadvisor.ru/Restaurant_Review-g798123-d21329797-Reviews-Reni-Lipetsk_Lipetsk_Oblast_Central_Russia.html,+7 980 262-39-55,"Стаханова, 59, Липецк 398004 Россия",,"-1,0"
0,Два Ерша,https://www.tripadvisor.ru/Restaurant_Review-g798123-d8346182-Reviews-Dva_Ersha-Lipetsk_Lipetsk_Oblast_Central_Russia.html,+7 474 243-57-34,"Ферросплавная, 2а, Липецк 398005 Россия",,"-1,0"
0,Кружка,https://www.tripadvisor.ru/Restaurant_Review-g798123-d6744383-Reviews-Kruzhka-Lipetsk_Lipetsk_Oblast_Central_Russia.html,+7 474 278-54-98,"Бородинская, 47а, Липецк 398026 Россия",,"-1,0"
0,Почтовый дворик,https://www.tripadvisor.ru/Restaurant_Review-g798123-d6189337-Reviews-Pochtovy_Dvorik-Lipetsk_Lipetsk_Oblast_Central_Russia.html,+7 474 228-02-45,"Зегеля, 2, Липецк 398050 Россия",,"-1,0"
0,"Кондитерская кафе ""Гретхен""",https://www.tripadvisor.ru/Restaurant_Review-g798123-d12512710-Reviews-Gretchen_Bake_Shop-Lipetsk_Lipetsk_Oblast_Central_Russia.html,+7 920 522-11-16,"Проспект Победы, 128, Липецк Россия",,"-1,0"
0,Золотая Корова,https://www.tripadvisor.ru/Restaurant_Review-g798123-d8351665-Reviews-Zolotaya_Korova-Lipetsk_Lipetsk_Oblast_Central_Russia.html,,"Боевой проезд, 34, Липецк 398037 Россия",,"-1,0"
0,Криница,https://www.tripadvisor.ru/Restaurant_Review-g798123-d6744339-Reviews-Krinitsa-Lipetsk_Lipetsk_Oblast_Central_Russia.html,,"Победы проспект, 112а, Липецк 398046 Россия",,"-1,0"
0,Пивбург,https://www.tripadvisor.ru/Restaurant_Review-g798123-d8348748-Reviews-Pivburg-Lipetsk_Lipetsk_Oblast_Central_Russia.html,,"Петра Смородина, 1а, Липецк 398046 Россия",,"-1,0"
0,СушиВесла,https://www.tripadvisor.ru/Restaurant_Review-g798123-d23391435-Reviews-SushiVesla-Lipetsk_Lipetsk_Oblast_Central_Russia.html,+7 800 550-30-30,"улица 50 лет НЛМК, 4А, Липецк 398059 Россия",,"-1,0"
0,У Полины,https://www.tripadvisor.ru/Restaurant_Review-g798123-d8350888-Reviews-U_Poliny-Lipetsk_Lipetsk_Oblast_Central_Russia.html,+7 950 804-45-04,"Асфальтная, 2, Липецк 398901 Россия",,"-1,0"
0,У Петра,https://www.tripadvisor.ru/Restaurant_Review-g798123-d8350885-Reviews-U_Petra-Lipetsk_Lipetsk_Oblast_Central_Russia.html,+7 920 249-69-29,"Октябрьская, 28, Липецк 398059 Россия",,"-1,0"
0,Липецкий Бавар,https://www.tripadvisor.ru/Restaurant_Review-g798123-d8347688-Reviews-Lipetskiy_Bavar-Lipetsk_Lipetsk_Oblast_Central_Russia.html,,"Победы проспект, 3, Липецк 398024 Россия",,"-1,0"
0,Карлсон,https://www.tripadvisor.ru/Restaurant_Review-g798123-d21211520-Reviews-Karlson-Lipetsk_Lipetsk_Oblast_Central_Russia.html,+(4742) 900-978,"Ленина, д.11, Липецк 398050 Россия",,"-1,0"
0,СушиВесла,https://www.tripadvisor.ru/Restaurant_Review-g798123-d21511740-Reviews-SushiVesla-Lipetsk_Lipetsk_Oblast_Central_Russia.html,+7 800 550-30-30,"улица Стаханова, 36, Липецк 398004 Россия",,"-1,0"
0,Пивной Бар,https://www.tripadvisor.ru/Restaurant_Review-g798123-d8348796-Reviews-Pivnoi_Bar-Lipetsk_Lipetsk_Oblast_Central_Russia.html,,"60 лет СССР проспект, 37 корп. 1, Липецк 398036 Россия",,"-1,0"
0,Робуста,https://www.tripadvisor.ru/Restaurant_Review-g798123-d8349257-Reviews-Robusta-Lipetsk_Lipetsk_Oblast_Central_Russia.html,+7 904 296-08-01,"Петра Смородина, 13а, Липецк 398046 Россия",,"-1,0"
0,Липецк-Уаз,https://www.tripadvisor.ru/Restaurant_Review-g798123-d8347645-Reviews-Lipetsk_Uaz-Lipetsk_Lipetsk_Oblast_Central_Russia.html,,"Московская, вл. 8в, Липецк 398042 Россия",,"-1,0"
0,Линдерхоф,https://www.tripadvisor.ru/Restaurant_Review-g798123-d8347632-Reviews-Linderkhof-Lipetsk_Lipetsk_Oblast_Central_Russia.html,,"Гагарина, 73, Липецк 398016 Россия",,"-1,0"
0,Юнис,https://www.tripadvisor.ru/Restaurant_Review-g798123-d6190070-Reviews-Yunis-Lipetsk_Lipetsk_Oblast_Central_Russia.html,+7 474 235-35-96,"Циолковского, 5/1, Липецк 398032 Россия",,"-1,0"
0,Автолагман,https://www.tripadvisor.ru/Restaurant_Review-g798123-d8344420-Reviews-Autolagman-Lipetsk_Lipetsk_Oblast_Central_Russia.html,+7 474 255-55-00,"Белана, 17а, Липецк 398004 Россия",,"-1,0"
0,Трюм,https://www.tripadvisor.ru/Restaurant_Review-g798123-d8350785-Reviews-Tryum-Lipetsk_Lipetsk_Oblast_Central_Russia.html,,"Зои Космодемьянской, 2Б, Липецк 398005 Россия",,"-1,0"
0,Де Бирс,https://www.tripadvisor.ru/Restaurant_Review-g798123-d8345964-Reviews-De_Beers-Lipetsk_Lipetsk_Oblast_Central_Russia.html,+7 474 235-21-01,"40 лет Октября, 4, Липецк 398007 Россия",,"-1,0"
0,Де Бирс,https://www.tripadvisor.ru/Restaurant_Review-g798123-d8345963-Reviews-De_Beers-Lipetsk_Lipetsk_Oblast_Central_Russia.html,+7 474 243-09-86,"Невского, 27, Липецк 398005 Россия",,"-1,0"
0,Петровская Усадьба,https://www.tripadvisor.ru/Restaurant_Review-g798123-d21468487-Reviews-Petrovskaya_Usadba-Lipetsk_Lipetsk_Oblast_Central_Russia.html,+7 474 228-92-60,"садовое товарищество Спутник, 1-й массив, 8, Липецк Россия",,"-1,0"
0,Лейберинт,https://www.tripadvisor.ru/Restaurant_Review-g798123-d8347524-Reviews-Labeerint-Lipetsk_Lipetsk_Oblast_Central_Russia.html,,"Терешковой, 35Б, Липецк 398002 Россия",,"-1,0"
